VIN,Date Time,Odometer,Miles Driven,Fuel Type,Units,Price Per Unit,Total Amount,Non-Fuel Transaction
WD3PF0CD7KT003730,7/6/2022,"102,203",277,Diesel,13,$6.30,$80.87,No
WD4PF0ED3KT009954,7/1/2022,"107,790",109,Premium,13,$5.80,$75.03,No
WD4PF0ED3KT009954,7/1/2022,"107,951",161,Premium,22,$5.80,$124.97,No
WD4PF0ED3KT009954,7/2/2022,"108,150",199,Premium,23,$5.80,$136.17,No
WD4PF0ED3KT009954,7/5/2022,"108,324",174,Premium,24,$5.80,$136.58,No
WD4PF0ED3KT009954,7/6/2022,"108,537",213,Premium,17,$5.96,$100.00,No
WD4PF0ED3KT009954,7/7/2022,"108,690",370,Premium,24,$5.70,$134.54,No
5TFAZ5CN2HX034460,7/7/2022,"97,212",324,Regular,17,$4.20,$73.31,No
WD3PG2EAXG3086735,7/6/2022,"112,087",370,Regular,15,$5.20,$76.63,No
1N6AF0KY3DN110875,7/1/2022,"181,169",160,Regular,20,$4.76,$95.69,No
1N6AF0KY3DN110875,7/5/2022,"181,344",175,Regular,11,$4.86,$54.04,No
1N6AF0KY3DN110875,7/6/2022,"181,450",201,Regular,17,$4.90,$85.11,No
1N6AF0KY3DN110875,7/7/2022,"181,740",290,Regular,8,$4.68,$36.26,No
1N6AF0KY3DN110875,7/8/2022,"181,798",119,Regular,10,$4.64,$47.80,No
149149,7/1/2022,"184,334",378,Regular,14,$4.76,$68.30,No
149149,7/6/2022,"184,708",374,Regular,14,$5.00,$69.87,No
NM0LE6E77E1155229,7/5/2022,"109,115",137,Regular,6,$4.86,$28.26,No
NM0LE6E77E1155229,7/6/2022,"109,291",176,Regular,6,$4.78,$29.88,No
NM0LE6E77E1155229,7/8/2022,"158,229",160,Regular,6,$4.76,$27.53,No
2C4RDGBG3JR160878,7/5/2022,"151,356",220,Regular,13,$4.50,$59.39,No
2C4RDGBG3JR160878,7/7/2022,"151,748",392,Regular,18,$4.23,$74.77,No
2C4RDGBG7JR182219,7/6/2022,"97,381",326,Regular,17,$4.55,$77.56,No
2A4RR5D16AR193463,7/7/2022,"97,584",266,Regular,14,$4.68,$65.62,No
1GTZ7GFG1G1208926,7/6/2022,"175,000",392,Regular,28,$4.80,$133.54,No
2C4RDGBG6GR243343,7/5/2022,"165,000",402,Regular,16,$4.26,$69.07,No
2C4RDGBG0GR262969,7/5/2022,"187,289",303,Regular,14,$4.60,$64.47,No
5TDKK3DC4DS285796,7/5/2022,"155,536",347,Regular,17,$4.49,$76.69,No
1GTN2TEC3EZ321814,7/5/2022,"169,207",436,Regular,20,$4.85,$98.68,No
1GTN2TEC3EZ321814,7/8/2022,"169,678",471,Regular,22,$4.74,$105.76,No
2C4RDGBG5GR325063,7/1/2022,"92,346",375,Regular,18,$4.40,$78.65,No
2C4RDGBG5GR325063,7/7/2022,"92,631",285,Regular,15,$4.30,$65.88,No
1GCWGAFF0H1352752,7/1/2022,"140,268",462,Regular,30,$4.86,$144.81,No
1GCWGAFF0H1352847,7/5/2022,"88,126",366,Regular,23,$4.35,$102.10,No
1GCWGAFF0H1352847,7/6/2022,"88,355",229,Regular,14,$4.50,$62.29,No
5TDZK3DC5DS381094,7/1/2022,"102,416",283,Regular,14,$4.49,$63.08,No
5TDZK3DC5DS381094,7/6/2022,"102,769",353,Regular,15,$4.33,$64.94,No
NM0LS6E20L1439702,7/1/2022,"69,754",206,Regular,7,$4.38,$31.87,No
NM0LS6E20L1439702,7/8/2022,"69,995",241,Regular,8,$4.34,$36.61,No
NM0LS6E24L1447026,7/2/2022,"54,845",346,Premium,13,$4.44,$55.56,No
NM0LS6E24L1447026,7/5/2022,"55,146",301,Regular,11,$4.41,$48.90,No
NM0LS6E24L1447026,7/6/2022,0,363,Regular,13,$4.40,$57.68,No
1FTYR1ZMXKKB49947,7/1/2022,"39,630",335,Regular,20,$4.47,$89.41,No
1FTYR1ZMXKKB49947,7/6/2022,"39,916",286,Regular,18,$4.29,$77.00,No
1FTYR1ZM8KKB34797,7/5/2022,"29,245",276,Regular,18,$4.16,$75.00,No
1FTYR1ZM8KKB34797,7/7/2022,"29,561",316,Regular,21,$4.10,$88.01,No
1FTYR1YM7KKB50989,7/5/2022,"39,053",355,Regular,21,$4.19,$86.28,No
1FTYR1YM7KKB50989,7/6/2022,"39,433",380,Regular,12,$4.20,$50.00,No
1FTYR1YM7KKB50989,7/7/2022,"39,592",159,Regular,20,$4.21,$82.16,No
1FTYR1YM6KKB35125,7/6/2022,"22,346",296,Regular,21,$6.30,$130.77,No
1FTYR1ZM0KKB02040,7/1/2022,"30,400",370,Regular,21,$4.68,$100.00,No
1FTYR1ZM0KKB02040,7/7/2022,"30,970",380,Regular,22,$4.60,$103.01,No
2C4RC1DG5MR586704,7/6/2022,"10,779",349,Regular,14,$4.86,$67.94,No
2C4RC1DG3MR601846,7/1/2022,"9,583",387,Regular,17,$4.57,$79.35,No
1FTYR1ZM5KKB34465,7/1/2022,"32,657",299,Regular,19,$4.55,$85.06,No
1N4BL4DV6MN410703,7/5/2022,"5,555",216,Regular,13,$6.20,$80.11,No
2C4RC1DG4MR558134,7/5/2022,"7,372",271,Regular,16,$5.08,$83.00,No
3C6LRVBG9ME584364,7/1/2022,"8,111",370,Regular,22,$4.35,$95.13,No
3C6LRVBG9NE102235,7/1/2022,"13,638",361,Regular,19,$4.86,$94.50,No
3C6LRVBG4NE102238,7/1/2022,"11,480",341,Regular,19,$4.50,$87.57,No
W1YV0BEY3N3957692,7/1/2022,0,0,Premium,7,$5.35,$36.46,No
W1YV0BEY3N3957692,7/6/2022,0,0,Premium,11,$5.13,$56.09,No
W1YV0BEY3N3957692,7/7/2022,0,0,Premium,15,$5.03,$76.41,No
W1YV0BEY3N3957692,7/8/2022,0,0,Premium,10,$5.03,$47.77,No
1N4BL4DV9MN404524,7/8/2022,"10,268",467,Regular,15,$5.00,$72.67,No
1FTYR1ZM3KKB21438,7/8/2022,"28,035",383,Regular,21,$4.70,$99.14,No
1FMCU9G60NUA75535,7/5/2022,"5,646",442,Regular,13,$4.80,$62.70,No
1FMCU9G63NUA75433,7/5/2022,"50,925",459,Regular,14,$4.83,$70.00,No
WD3PF0CD7HP532581,7/1/2022,"145,549",362,Diesel,21,$5.95,$123.72,No
WD3PF0CD7HP532581,7/7/2022,"145,859",310,Diesel,18,$5.75,$102.62,No
WD3PE7CD4HP542027,7/5/2022,"111,807",230,Diesel,13,$6.30,$81.38,No
2C4RDGBG1HR568404,7/5/2022,"116,986",324,Premium,13,$5.20,$69.68,No
2D8HN11E59R643551,7/1/2022,"76,136",304,Regular,18,$4.33,$76.82,No
2C4RDGBG3HR651848,7/7/2022,"123,777",396,Regular,19,$4.32,$81.22,No
2C4RDGBG5HR651849,7/6/2022,"68,260",469,Regular,19,$4.40,$83.75,No
1FDWE3FLXGDC16838,7/5/2022,"85,719",320,Regular,26,$4.73,$124.91,No
1FDWE3FLXGDC16838,7/7/2022,"86,007",288,Regular,23,$4.67,$108.07,No
1N6BF0KY1GN800374,7/8/2022,"143,368",276,Regular,18,$4.65,$83.70,No
1N6BF0KM0GN803358,7/1/2022,"82,219",278,Regular,19,$4.32,$84.15,No
1N6BF0KM7GN811537,7/7/2022,"58,018",247,Regular,17,$4.76,$81.14,No
1N6BF0KM3GN811552,7/1/2022,"86,553",304,Regular,24,$6.24,$149.98,No
1N6BF0KM5GN809267,7/6/2022,"84,246",423,Regular,24,$4.69,$110.50,No
1N6BF0KM3GN807159,7/5/2022,"113,796",201,Regular,12,$4.70,$57.04,No
2C4RDGBG7HR650248,7/5/2022,"131,917",361,Regular,18,$4.66,$81.77,No
2C4RDGBG7HR650248,7/7/2022,"132,285",368,Regular,15,$4.90,$74.51,No
2C4RDGBG9HR650249,7/6/2022,"94,036",539,Regular,20,$4.76,$93.05,No
2C4RDGBG1HR586787,7/5/2022,"141,236",780,Regular,18,$4.90,$89.52,No
1N6BF0LY7GN812222,7/6/2022,"83,636",278,Regular,24,$4.70,$112.82,No
1N6BF0LY9GN814506,7/1/2022,"70,551",195,Regular,24,$5.00,$121.52,No
1N6BF0LY9GN814506,7/1/2022,"70,700",149,Regular,16,$5.00,$78.48,No
1N6BF0LY9GN814506,7/4/2022,"70,156",177,Regular,14,$4.85,$69.94,No
1N6BF0LY9GN814506,7/6/2022,"70,800",644,Regular,26,$5.00,$127.83,No
1N6BF0LY9GN814506,7/8/2022,"70,960",308,Regular,25,$5.00,$125.45,No
1N6BF0KY7GN813470,7/6/2022,"144,659",222,Regular,15,$4.70,$69.93,No
3N6CM0KN3HK697286,7/6/2022,"108,317",221,Regular,10,$4.40,$43.08,No
1N6BF0KY7HN800414,7/1/2022,"193,231",287,Regular,18,$4.86,$87.63,No
1N6BF0KY7HN800414,7/6/2022,"193,573",342,Regular,21,$4.50,$95.17,No
1N6BF0KY7HN800414,7/8/2022,"193,793",220,Regular,13,$4.21,$54.82,No
2C4RDGBG7HR630453,7/5/2022,"95,608",341,Regular,18,$4.86,$87.22,No
2C4RDGBG7HR630453,7/8/2022,"95,890",282,Regular,18,$4.90,$88.78,No
3N6CM0KNXHK715847,7/7/2022,2,327,Regular,12,$4.68,$55.46,No
3N6CM0KN9HK717881,7/2/2022,"6,258",261,Regular,12,$4.90,$56.78,No
3N6CM0KN7HK700884,7/1/2022,"120,209",260,Regular,13,$4.16,$52.86,No
1N6BF0KM8GN816813,7/5/2022,"156,064",296,Regular,22,$4.66,$103.00,No
1N6BF0KM8GN816813,7/7/2022,"156,335",271,Regular,21,$4.66,$100.15,No
5TDKK3DC5GS752986,7/1/2022,"135,297",386,Regular,17,$4.60,$77.24,No
5TDKK3DC5GS752986,7/6/2022,"135,567",270,Regular,13,$4.86,$63.09,No
5TDKK3DC5GS752986,7/7/2022,"135,945",378,Regular,18,$4.44,$78.20,No
1N6BF0KY0HN804014,7/7/2022,"262,538",259,Regular,12,$4.49,$54.26,No
1N6BF0KY0HN804014,7/7/2022,"262,778",240,Regular,18,$4.39,$79.75,No
1N6BF0KY0HN805230,7/6/2022,"118,045",311,Regular,22,$4.09,$90.70,No
1N6BF0KM3HN803307,7/5/2022,"112,157",295,Regular,9,$4.60,$40.00,No
1N6BF0KM3HN803307,7/6/2022,0,448,Regular,21,$4.33,$91.00,No
1N6BF0KMXGN815243,7/8/2022,"64,000",109,Regular,6,$5.90,$36.76,No
1N6BF0KM6HN808145,7/5/2022,"106,373",335,Regular,22,$4.25,$95.08,No
1N6BF0KM6HN808145,7/8/2022,"106,673",300,Regular,20,$4.06,$83.16,No
1N6BF0KM2HN809213,7/1/2022,"67,886",258,Regular,17,$4.60,$79.33,No
1N6BF0KM2HN809213,7/5/2022,"68,413",527,Regular,15,$4.11,$63.24,No
1N6BF0KM2HN809289,7/5/2022,"155,802",279,Regular,19,$4.84,$90.15,No
1N6BF0KM5HN809061,7/1/2022,"103,891",356,Regular,21,$4.85,$104.19,No
1N6BF0KM5HN809061,7/7/2022,"999,999",79,Regular,5,$4.73,$24.84,No
1N6BF0KM5HN808203,7/5/2022,"49,730",274,Regular,22,$6.29,$140.25,No
1N6BF0KM3HN809284,7/5/2022,"105,817",332,Regular,20,$4.15,$84.45,No
1N6BF0KM3HN809284,7/6/2022,"106,020",203,Regular,11,$4.50,$47.56,No
1N6BF0KM3HN809284,7/7/2022,"106,345",325,Regular,23,$4.35,$99.36,No
2C4RDGBG0HR687447,7/5/2022,"140,317",320,Regular,15,$4.58,$67.35,No
2C4RDGBG7HR831138,7/1/2022,"55,523",244,Regular,16,$4.90,$79.26,No
2C4RDGBG7HR831138,7/7/2022,"55,802",279,Regular,16,$4.76,$77.65,No
2C4RDGBG4HR831131,7/7/2022,"137,333",356,Regular,16,$4.90,$76.82,No
2C4RDGBG1HR831135,7/7/2022,"86,101",396,Regular,19,$4.72,$88.52,No
2C4RDGBG5HR831137,7/6/2022,"73,084",272,Regular,18,$5.06,$91.76,No
1N6BF0KM8JN800036,7/1/2022,"124,586",365,Regular,23,$4.84,$109.30,No
1N6BF0KM8JN800036,7/6/2022,"124,900",314,Regular,22,$4.68,$100.88,No
1N6BF0KM8JN800036,7/8/2022,"125,218",318,Regular,22,$4.64,$100.02,No
1N6BF0KM2JN800033,7/1/2022,"58,052",182,Regular,19,$4.86,$91.25,No
1N6BF0KM2JN800033,7/7/2022,"58,226",174,Regular,20,$4.99,$101.34,No
1N6BF0KM6JN800360,7/7/2022,"180,798",260,Regular,16,$4.80,$75.10,No
1N6BF0KM6JN800360,7/8/2022,"181,099",301,Regular,18,$4.80,$88.00,No
1N6BF0KMXJN800233,7/1/2022,"92,206",265,Regular,17,$4.53,$78.18,No
2C4RDGCG6HR834143,7/1/2022,"99,083",307,Regular,11,$6.40,$71.20,No
3N6CM0KN6JK690161,7/5/2022,"85,000",0,Regular,12,$5.28,$63.01,No
3N6CM0KN6JK690161,7/6/2022,"85,000",0,Regular,11,$5.26,$60.03,No
3N6CM0KN6JK690161,7/8/2022,"85,000",0,Regular,12,$5.20,$60.58,No
3N6CM0KN9JK690364,7/5/2022,"100,486",202,Regular,9,$4.30,$40.25,No
3N6CM0KN9JK690364,7/8/2022,"100,610",124,Regular,6,$4.20,$25.68,No
3N6CM0KN8JK690422,7/6/2022,"82,782",242,Regular,9,$4.40,$40.86,No
3N6CM0KN4JK690448,7/1/2022,"86,423",202,Regular,8,$5.10,$39.11,No
3N6CM0KN4JK690448,7/7/2022,"86,641",218,Regular,8,$5.00,$42.17,No
3N6CM0KN9JK690543,7/5/2022,"67,456",208,Regular,9,$4.65,$41.62,No
3N6CM0KN9JK691742,7/5/2022,"76,996",304,Regular,12,$4.78,$57.37,No
1N6BF0KY8JN800640,7/5/2022,"67,172",359,Regular,22,$4.65,$103.29,No
1N6BF0KY8JN800640,7/8/2022,"67,488",316,Regular,22,$4.37,$94.78,No
3N6CM0KN9JK691756,7/6/2022,"70,137",276,Regular,13,$4.25,$53.92,No
3N6CM0KN0JK691743,7/1/2022,"36,440",280,Regular,12,$6.00,$72.08,No
3N6CM0KN0JK691743,7/6/2022,"36,735",295,Regular,12,$6.20,$75.18,No
3N6CM0KN6JK691679,7/1/2022,"88,702",363,Regular,12,$4.38,$52.26,No
3N6CM0KN6JK691679,7/6/2022,"88,631",270,Regular,12,$4.42,$54.33,No
3N6CM0KN6JK691679,7/6/2022,"88,846",215,Regular,10,$4.50,$46.40,No
3N6CM0KN6JK691679,7/7/2022,"89,063",217,Regular,10,$4.20,$40.44,No
3N6CM0KN6JK691679,7/8/2022,"89,314",251,Regular,12,$4.05,$49.02,No
3N6CM0KN6JK691679,7/8/2022,"89,135",258,Regular,12,$4.00,$47.00,No
3N6CM0KN2JK691792,7/6/2022,"117,513",243,Regular,11,$4.02,$44.46,No
1N6BF0KY2HN807495,7/1/2022,"16,040",191,Regular,11,$4.38,$50.00,No
1N6BF0KY5HN807684,7/7/2022,"100,789",341,Regular,24,$4.85,$116.71,No
1N6BF0KY5HN806406,7/5/2022,"142,610",342,Regular,23,$4.85,$111.71,No
1N6BF0KY5HN806406,7/8/2022,"142,963",353,Regular,24,$4.80,$116.03,No
1N6BF0KM9HN804218,7/1/2022,"86,450",300,Regular,23,$4.66,$108.42,No
1N6BF0KM9HN804218,7/8/2022,"86,736",286,Regular,22,$4.36,$98.04,No
1FDWE3FS8HDC24770,7/2/2022,"88,788",226,Regular,14,$5.19,$71.70,No
1FDWE3FS8HDC24770,7/7/2022,"88,934",271,Regular,29,$4.90,$143.44,No
3N6CM0KN8HK705205,7/1/2022,"82,101",274,Regular,12,$6.20,$72.60,No
1N6BF0KM5HN810873,7/6/2022,"174,861",260,Regular,18,$4.59,$80.91,No
1N6BF0KM6JN800813,7/5/2022,0,157,Regular,11,$4.50,$47.47,No
1N6BF0KM6JN800813,7/7/2022,0,304,Regular,20,$4.45,$91.09,No
1N6BF0KY7HN811008,7/7/2022,"94,280",305,Regular,23,$6.20,$144.39,No
1N6BF0KM2HN810863,7/6/2022,"69,052",231,Mid-Grade,12,$4.80,$57.29,No
1N6BF0KM2HN810863,7/7/2022,"69,217",165,Regular,9,$4.35,$40.82,No
1N6BF0KM2HN810863,7/8/2022,"69,405",188,Regular,10,$4.50,$45.51,No
5TDJZ3DC4HS184805,7/1/2022,"124,235",346,Regular,15,$4.85,$72.86,No
5TDJZ3DC4HS184805,7/6/2022,"124,484",249,Regular,10,$4.80,$46.05,No
3N6CM0KN0HK711743,7/6/2022,"90,157",255,Regular,12,$4.49,$53.53,No
5TDJZ3DC2HS173432,7/6/2022,"89,071",249,Regular,15,$5.50,$81.34,No
1N6BF0KY6HN810657,7/5/2022,0,327,Regular,23,$4.86,$111.10,No
3N6CM0KNXHK708137,7/5/2022,"93,779",202,Regular,8,$5.09,$41.11,No
3N6CM0KNXHK708137,7/8/2022,"93,973",194,Regular,8,$4.86,$39.65,No
1N6BF0KY4HN810916,7/6/2022,"122,634",353,Regular,22,$4.30,$96.41,No
1N6BF0KY4HN810916,7/8/2022,"122,984",350,Regular,24,$4.40,$104.72,No
1N6BF0LY0HN810152,7/1/2022,"35,214",354,Regular,23,$4.80,$112.76,No
1N6BF0LY0HN810152,7/7/2022,"85,645",351,Regular,23,$4.80,$111.76,No
3N6CM0KN6HK721015,7/6/2022,"1,154",254,Regular,11,$5.90,$63.01,No
1N6BF0KY1HN807763,7/6/2022,"11,265",318,Regular,23,$4.78,$107.73,No
1N6BF0KY1JN801421,7/1/2022,"130,300",300,Diesel,40,$5.10,$205.61,No
1N6BF0KM5JN801435,7/7/2022,"89,430",163,Regular,11,$5.21,$56.46,No
1N6BF0KM9JN801423,7/8/2022,"44,166",434,Regular,23,$4.55,$103.26,No
1N6BF0KM3JN800705,7/7/2022,"104,229",305,Regular,21,$4.63,$95.73,No
2C4RDGBG3JR134314,7/5/2022,"97,067",349,Regular,16,$4.41,$71.30,No
2C4RDGBG3JR134314,7/7/2022,"97,449",382,Regular,17,$4.37,$75.82,No
3N6CM0KN6HK721970,7/8/2022,"62,474",278,Regular,10,$5.30,$54.45,No
1N6BF0KY5JN802622,7/1/2022,0,317,Regular,24,$4.46,$104.97,No
1N6BF0KY5JN802622,7/6/2022,"163,022",323,Regular,24,$4.28,$102.82,No
1N6BF0KY6JN804167,7/1/2022,"142,093",926,Regular,21,$4.03,$83.49,No
1N6BF0KY6JN804167,7/6/2022,"142,477",384,Regular,23,$4.52,$105.66,No
1N6BF0KM5JN803430,7/6/2022,"125,686",318,Regular,21,$4.58,$95.45,No
1N6BF0KM5JN803430,7/7/2022,"125,999",313,Regular,20,$4.60,$92.43,No
1N6BF0KM3HN811472,7/1/2022,"69,659",203,Regular,14,$4.30,$59.13,No
1N6BF0KM3HN811472,7/5/2022,"69,871",212,Regular,13,$4.50,$59.60,No
1N6BF0KM3HN811472,7/7/2022,"70,132",261,Regular,17,$4.40,$76.36,No
2C4RDGBGXJR180982,7/1/2022,"167,251",257,Regular,14,$4.80,$67.31,No
2C4RDGBGXJR180982,7/7/2022,"167,620",369,Regular,17,$4.79,$83.25,No
1N6BF0KMXJN809563,7/6/2022,"103,606",326,Regular,20,$5.80,$118.01,No
1N6BF0KM5JN808501,7/1/2022,"118,652",377,Regular,24,$4.46,$108.11,No
1N6BF0KM5JN808501,7/6/2022,0,385,Regular,25,$4.59,$113.59,No
1N6BF0KM5JN808675,7/5/2022,"91,784",357,Regular,22,$6.00,$129.48,No
1N6BF0KM1JN809175,7/7/2022,"84,431",306,Regular,20,$4.49,$91.78,No
1N6BF0KMXJN809546,7/7/2022,"155,364",318,Regular,20,$4.44,$87.48,No
3N6CM0KN8JK700544,7/8/2022,"70,897",297,Regular,13,$4.45,$56.46,No
3N6CM0KN8JK700463,7/6/2022,"82,016",311,Regular,13,$4.68,$59.15,No
3N6CM0KN2JK695647,7/1/2022,"89,056",259,Mid-Grade,11,$5.00,$57.45,No
3N6CM0KN2JK695647,7/6/2022,"82,226",139,Regular,6,$4.39,$27.19,No
3N6CM0KN2JK695647,7/7/2022,"85,487",241,Mid-Grade,11,$4.65,$49.67,No
3N6CM0KN2JK695647,7/8/2022,"85,708",221,Mid-Grade,9,$4.80,$45.30,No
1N6BF0KM3JN801630,7/1/2022,"94,698",200,Premium,16,$6.80,$108.84,No
1N6BF0KM3JN801630,7/5/2022,"94,701",234,Premium,20,$6.60,$130.32,No
1N6BF0KM3JN801630,7/6/2022,"94,923",222,Premium,18,$6.50,$119.98,No
1N6BF0KM3JN801630,7/7/2022,"95,056",133,Regular,14,$6.30,$89.33,No
1N6BF0KMXJN802256,7/6/2022,"120,366",340,Regular,22,$4.69,$104.60,No
1N6BF0KY8JN802985,7/7/2022,"88,888",334,Regular,22,$5.60,$120.61,No
1N6BF0KY1JN806778,7/1/2022,"173,932",294,Regular,20,$4.08,$81.68,No
1N6BF0KY1JN806778,7/7/2022,"174,154",222,Regular,19,$3.98,$75.67,No
1N6BF0KY1JN806778,7/7/2022,"174,343",189,Regular,17,$4.46,$77.88,No
1N6BF0KY1JN806778,7/8/2022,"174,631",288,Regular,20,$4.90,$96.36,No
1N6BF0KM3JN803507,7/1/2022,"153,079",286,Regular,18,$4.79,$87.05,No
1N6BF0KM3JN803507,7/6/2022,"153,336",257,Regular,17,$4.70,$80.01,No
1N6BF0KM3JN803507,7/8/2022,"153,653",317,Regular,16,$4.64,$76.00,No
3N6CM0KNXJK695458,7/8/2022,"150,036",323,Regular,13,$4.52,$57.66,No
3N6CM0KN6JK696817,7/6/2022,"4,852",275,Regular,11,$4.60,$51.63,No
1N6BF0KM9JN800451,7/6/2022,"128,301",327,Regular,22,$4.36,$96.02,No
1N6BF0KY1JN804481,7/6/2022,"88,744",358,Regular,24,$4.24,$101.37,No
1N6BF0KM3JN802180,7/2/2022,"151,440",251,Regular,18,$4.86,$86.62,No
1N6BF0KM3JN802180,7/6/2022,"151,722",282,Regular,21,$4.82,$99.47,No
1N6BF0KM2JN808262,7/1/2022,"69,224",146,Regular,10,$4.85,$46.22,No
1N6BF0KM2JN808262,7/6/2022,"69,530",306,Regular,18,$4.85,$87.42,No
3N6CM0KN0JK694156,7/1/2022,"64,046",112,Regular,5,$6.36,$34.40,No
3N6CM0KN0JK694156,7/5/2022,"64,266",220,Regular,9,$6.25,$53.16,No
3N6CM0KN0JK694156,7/6/2022,"64,428",162,Regular,8,$6.20,$47.17,No
3N6CM0KN0JK694156,7/7/2022,"64,632",204,Regular,8,$6.20,$50.31,No
3N6CM0KN0JK694156,7/8/2022,"64,733",101,Regular,5,$6.20,$31.67,No
3N6CM0KNXJK700111,7/1/2022,"82,648",156,Regular,11,$6.16,$66.42,No
3N6CM0KNXJK700111,7/5/2022,"82,626",134,Regular,6,$6.40,$35.72,No
3N6CM0KNXJK700111,7/7/2022,"82,863",237,Regular,9,$5.95,$55.97,No
3N6CM0KNXJK700111,7/8/2022,"83,092",229,Regular,12,$6.16,$72.08,No
1N6BF0KM7JN808175,7/5/2022,"91,506",325,Regular,21,$4.76,$100.00,No
1N6BF0KM5JN804416,7/1/2022,"41,238",306,Regular,23,$6.30,$141.99,No
1N6BF0KM5JN804416,7/6/2022,"41,536",298,Regular,24,$6.50,$157.06,No
1N6BF0KM4JN805251,7/6/2022,"95,463",252,Regular,22,$6.06,$130.70,No
1N6BF0KM7JN807169,7/8/2022,"147,075",310,Regular,24,$4.61,$109.01,No
2C4RDGBG8JR151044,7/6/2022,"149,104",333,Regular,16,$4.66,$75.92,No
2C4RDGBG8JR151044,7/7/2022,"149,426",322,Regular,16,$4.37,$68.05,No
2C4RDGBG8JR151044,7/8/2022,"149,738",312,Regular,16,$4.57,$73.52,No
1N6BF0KM1JN810438,7/6/2022,"89,698",360,Regular,24,$4.90,$115.97,No
1N4AL3AP8JC163378,7/1/2022,"108,055",492,Regular,15,$6.50,$97.81,No
1N6BF0KM2JN802526,7/5/2022,0,64,Regular,4,$4.63,$19.83,No
1N6BF0KM2JN802526,7/6/2022,"72,365",32,Regular,2,$4.63,$10.01,No
1N6BF0KM2JN802526,7/8/2022,"72,436",71,Regular,5,$4.62,$24.93,No
1N6BF0KM7JN807771,7/1/2022,"112,766",344,Regular,20,$4.71,$94.43,No
1N6BF0KM7JN807771,7/6/2022,"113,096",330,Regular,21,$4.43,$91.53,No
1N6BF0KM7JN807771,7/8/2022,"113,446",350,Regular,22,$4.57,$98.73,No
3N6CM0KN0JK697817,7/1/2022,"102,845",220,Regular,9,$6.48,$61.26,No
3N6CM0KN0JK697817,7/5/2022,"103,046",201,Regular,9,$6.00,$55.41,No
3N6CM0KN0JK697817,7/6/2022,"103,251",205,Regular,9,$5.60,$52.88,No
3N6CM0KN0JK697817,7/7/2022,"103,536",285,Regular,8,$6.20,$50.00,No
3N6CM0KN0JK697817,7/8/2022,"103,668",132,Regular,8,$6.48,$53.36,No
3N6CM0KN0JK697817,7/8/2022,"103,850",182,Regular,9,$6.10,$57.43,No
1N6BF0KM0JN810771,7/7/2022,"59,303",501,Regular,23,$5.98,$140.00,No
2C4RDGBG3JR190835,7/5/2022,"1,461",361,Regular,14,$6.40,$90.00,No
1N6BF0KY1JN800267,7/1/2022,"91,077",142,Regular,10,$4.28,$44.29,No
1N6BF0KY1JN800267,7/7/2022,"91,432",355,Regular,25,$4.30,$107.49,No
1N6BF0KMXJN805786,7/5/2022,"53,692",343,Regular,19,$5.00,$94.83,No
1N6BF0KM7JN804644,7/6/2022,"82,337",379,Regular,23,$4.57,$107.29,No
2C4RDGBG0JR232507,7/5/2022,"97,539",282,Regular,14,$5.35,$76.00,No
2C4RDGBG0JR232507,7/8/2022,"97,900",361,Regular,17,$5.33,$89.65,No
3N6CM0KN9JK699534,7/7/2022,"84,254",185,Regular,7,$4.59,$32.19,No
1N6BF0KM1JN811248,7/5/2022,"75,546",283,Regular,18,$4.70,$83.50,No
1N6AF0LY4FN806257,7/7/2022,"89,063",235,Regular,18,$5.30,$95.36,No
1N4AL3AP0JC278136,7/7/2022,"63,807",428,Regular,10,$4.65,$46.30,No
1N6AF0LYXHN807206,7/1/2022,0,281,Regular,19,$4.48,$83.14,No
1N4AL3AP4JC163491,7/5/2022,"64,860",529,Regular,15,$4.86,$75.02,No
1N6BF0KY6JN805917,7/1/2022,"128,483",292,Regular,19,$6.20,$116.01,No
1N6BF0KY6JN805917,7/5/2022,"128,701",218,Regular,14,$6.20,$89.49,No
1N6BF0KY6JN805917,7/6/2022,"128,932",231,Regular,15,$6.20,$91.63,No
1N6BF0KY6JN805917,7/7/2022,"129,096",164,Regular,10,$6.20,$62.91,No
1N6BF0KYXJN811316,7/5/2022,"115,430",323,Regular,23,$4.64,$106.90,No
1N6BF0KYXJN811316,7/8/2022,"115,776",346,Regular,20,$4.86,$97.88,No
3N6CM0KN5JK693908,7/1/2022,"54,922",337,Regular,14,$4.16,$59.63,No
3N6CM0KN5JK698431,7/7/2022,"70,399",343,Regular,13,$4.90,$64.37,No
3N6CM0KN4JK702498,7/5/2022,"53,442",236,Regular,9,$4.30,$40.62,No
3N6CM0KN4JK702498,7/7/2022,"53,732",290,Regular,11,$4.44,$47.99,No
1N6BF0KM8JN815846,7/6/2022,"121,823",186,Regular,12,$4.19,$51.44,No
3N6CM0KN0JK698465,7/1/2022,"41,966",66,Mid-Grade,9,$4.93,$41.92,No
3N6CM0KN0JK698465,7/4/2022,"42,088",122,Regular,15,$5.05,$75.12,No
3N6CM0KN2JK704749,7/5/2022,"35,915",237,Regular,10,$4.64,$48.01,No
3N6CM0KN1JK702703,7/1/2022,"46,000",0,Regular,10,$6.50,$62.96,No
3N6CM0KN1JK702703,7/5/2022,"46,000",0,Regular,8,$6.50,$49.15,No
3N6CM0KN1JK702703,7/8/2022,"46,000",0,Regular,10,$6.20,$64.18,No
3N6CM0KN6KK690632,7/5/2022,"82,602",259,Regular,13,$6.46,$81.00,No
1N6BF0KM6JN806983,7/1/2022,"107,582",659,Regular,26,$4.50,$115.00,No
1N6BF0KM6JN806983,7/5/2022,"107,656",348,Regular,24,$4.28,$103.52,No
1N6BF0KM6JN806983,7/8/2022,"108,031",375,Regular,26,$4.20,$110.00,No
3N6CM0KN1KK691672,7/5/2022,"108,711",225,Regular,9,$4.86,$44.56,No
3N6CM0KN1KK691672,7/7/2022,"113,583",691,Regular,28,$4.27,$119.52,No
3N6CM0KN1KK691672,7/8/2022,"113,785",202,Regular,15,$4.40,$66.34,No
1N6BF0KM1JN807135,7/6/2022,"107,376",333,Regular,23,$4.09,$93.86,No
1N6BF0KM1JN807135,7/8/2022,"107,706",330,Regular,22,$4.05,$88.90,No
1N6BF0KMXJN815542,7/7/2022,"38,740",107,Regular,12,$4.70,$57.00,No
1N6BF0KM2JN817589,7/6/2022,"35,456",42,Regular,4,$4.87,$20.00,No
1N6BF0KM2JN817589,7/7/2022,"35,493",210,Premium,20,$5.40,$109.02,No
3N6CM0KNXKK690763,7/6/2022,"41,151",185,Regular,10,$4.00,$38.54,No
3N6CM0KNXKK690763,7/8/2022,"44,513",172,Regular,9,$3.93,$35.14,No
3N6CM0KNXKK690763,7/8/2022,"44,621",108,Regular,7,$4.36,$30.00,No
1N6BF0KM1JN818619,7/1/2022,"170,807",331,Regular,21,$4.68,$96.92,No
3N6CM0KN3KK691219,7/7/2022,"85,594",265,Regular,12,$4.36,$53.52,No
1N6BF0KM2JN814806,7/1/2022,"142,572",274,Regular,19,$4.73,$88.19,No
1N6BF0KM2JN814806,7/5/2022,"142,885",313,Regular,22,$4.59,$100.47,No
1N6BF0KM2JN814806,7/7/2022,"143,170",285,Regular,22,$4.68,$102.30,No
1N6BF0KM4JN814628,7/6/2022,"97,400",200,Regular,22,$5.60,$125.78,No
3N6CM0KN2KK691213,7/6/2022,"68,978",234,Regular,10,$4.51,$43.36,No
2C4RDGBG1KR559337,7/5/2022,"114,834",341,Regular,14,$5.00,$70.47,No
2C4RDGBG1KR559337,7/7/2022,"115,130",296,Regular,13,$4.66,$60.44,No
2C4RDGBGXKR527163,7/6/2022,"80,762",266,Regular,7,$5.81,$40.00,No
2C4RDGBG1KR555739,7/5/2022,"87,605",297,Regular,17,$4.30,$73.85,No
2C4RDGBG1KR547222,7/6/2022,"868,444",353,Regular,17,$4.76,$80.02,No
1N6BF0KM4JN816735,7/1/2022,"82,553",346,Regular,22,$4.40,$96.38,No
2C4RDGBGXKR524974,7/5/2022,"75,502",309,Regular,15,$4.60,$67.54,No
2C4RDGBGXKR524974,7/8/2022,"75,806",304,Regular,14,$4.36,$61.04,No
1N6BF0KM1JN814375,7/7/2022,"122,808",305,Regular,22,$6.20,$134.21,No
3N6CM0KN2KK690384,7/7/2022,"105,734",263,Regular,10,$6.30,$59.83,No
2C4RDGBG0KR612688,7/1/2022,"102,590",315,Regular,15,$4.95,$75.49,No
ZFBERFBB3H6G39727,7/1/2022,"92,839",401,Regular,14,$5.08,$70.83,No
ZFBERFBB3H6G39727,7/5/2022,"93,181",342,Regular,12,$4.76,$57.90,No
ZFBERFBB3H6G39727,7/7/2022,"93,556",375,Regular,13,$4.76,$61.28,No
2C4RDGBG7KR547418,7/5/2022,"127,195",368,Regular,19,$4.34,$83.01,No
1N6BF0KM4JN810255,7/5/2022,"79,631",3,Regular,0,$5.80,$1.45,No
1N6BF0KM4JN810255,7/5/2022,"79,634",238,Regular,17,$5.50,$95.23,No
2C4RDGBG4KR573636,7/1/2022,"206,177",312,Regular,11,$4.93,$54.81,No
2C4RDGBG4KR573636,7/5/2022,"206,452",275,Regular,16,$4.55,$71.37,No
2C4RDGBG4KR573636,7/7/2022,"206,805",353,Regular,14,$4.69,$66.72,No
2C4RDGBG4KR573636,7/8/2022,"206,958",153,Regular,6,$4.40,$28.02,No
1N6BF0KM3JN812532,7/1/2022,"84,587",215,Premium,19,$4.96,$92.02,No
1N6BF0KM3JN812532,7/8/2022,"88,850",297,Regular,25,$4.50,$112.22,No
1N6BF0KM3JN818444,7/7/2022,"39,856",363,Premium,21,$4.73,$100.70,No
2C4RDGBG9KR500911,7/1/2022,"72,411",405,Regular,18,$5.03,$91.75,No
3N6CM0KN7KK690199,7/5/2022,"89,000",300,Regular,14,$6.50,$90.95,No
3N6CM0KN7KK690199,7/7/2022,"89,500",500,Regular,15,$6.21,$90.76,No
1N6BF0KM6JN818437,7/5/2022,"140,419",259,Regular,19,$4.27,$81.70,No
1N6BF0KM6JN818437,7/8/2022,"140,657",238,Regular,20,$4.17,$85.41,No
2C4RDGBG1KR649202,7/8/2022,"115,039",367,Regular,15,$4.40,$65.13,No
2C4RDGBGXKR649201,7/6/2022,"145,898",686,Regular,17,$4.29,$71.94,No
2C4RDGBGXKR649201,7/7/2022,"146,249",351,Regular,13,$4.39,$59.10,No
2C4RDGBGXKR649165,7/5/2022,"51,916",257,Regular,12,$4.20,$51.10,No
2C4RDGBG8KR649164,7/6/2022,"16,330",294,Regular,14,$4.45,$60.09,No
2C4RDGBG8KR649164,7/8/2022,"163,580",240,Regular,11,$4.15,$45.89,No
2C4RDGBG4KR649162,7/5/2022,"97,987",322,Regular,15,$4.78,$70.91,No
2C4RDGBG4KR649162,7/7/2022,"134,162",352,Other,16,$3.78,$61.36,No
2C4RDGBG2KR649161,7/1/2022,"126,717",330,Regular,15,$4.60,$67.11,No
2C4RDGBG2KR649161,7/7/2022,"127,108",391,Regular,16,$4.39,$70.09,No
2C4RDGBG0KR649160,7/1/2022,"97,075",250,Regular,13,$4.89,$63.04,No
2C4RDGBG0KR649160,7/2/2022,"97,400",325,Regular,17,$4.99,$85.11,No
2C4RDGBG0KR649160,7/5/2022,"97,730",330,Regular,15,$5.00,$73.35,No
2C4RDGBG4KR649159,7/1/2022,"48,973",323,Regular,16,$4.85,$75.79,No
2C4RDGBG4KR649159,7/7/2022,"49,265",292,Regular,16,$4.44,$70.55,No
2C4RDGBG9KR649268,7/1/2022,"142,262",260,Regular,9,$4.63,$42.86,No
2C4RDGBG9KR649268,7/5/2022,"142,435",173,Regular,8,$4.60,$36.94,No
2C4RDGBG9KR649268,7/6/2022,"142,778",343,Regular,13,$4.30,$57.34,No
2C4RDGBG9KR649268,7/7/2022,"143,030",252,Regular,11,$4.62,$49.56,No
2C4RDGBG7KR649267,7/5/2022,"42,054",392,Regular,12,$4.90,$60.46,No
2C4RDGBG3KR649265,7/1/2022,"114,003",231,Regular,13,$4.70,$58.79,No
2C4RDGBG3KR649265,7/6/2022,"114,384",381,Regular,15,$4.60,$69.06,No
2C4RDGBG1KR649264,7/6/2022,"81,161",346,Regular,14,$4.63,$63.78,No
2C4RDGBGXKR649263,7/7/2022,"90,254",385,Regular,16,$4.75,$76.50,No
2C4RDGBG3KR649217,7/5/2022,"54,963",417,Regular,17,$4.91,$83.50,No
2C4RDGBGXKR649215,7/1/2022,"61,431",340,Regular,16,$4.50,$71.20,No
2C4RDGBGXKR649215,7/7/2022,"61,754",323,Regular,15,$4.52,$69.09,No
2C4RDGBG4KR649341,7/6/2022,"100,416",331,Regular,15,$4.69,$69.94,No
2C4RDGBG4KR649341,7/7/2022,"100,787",371,Regular,14,$4.37,$61.17,No
2C4RDGBG2KR649340,7/6/2022,"87,889",349,Regular,13,$4.33,$54.46,No
2C4RDGBG2KR649340,7/8/2022,"88,235",346,Regular,13,$4.71,$60.51,No
2C4RDGBG6KR649339,7/1/2022,"74,568",296,Regular,13,$5.04,$67.13,No
2C4RDGBG0KR649322,7/1/2022,"54,580",325,Regular,15,$4.66,$68.26,No
2C4RDGBG0KR649322,7/4/2022,"54,612",32,Regular,4,$4.64,$18.01,No
2C4RDGBG9KR649321,7/5/2022,"147,585",395,Other,17,$3.29,$55.46,No
2C4RDGBG2KR649273,7/5/2022,"111,083",262,Regular,11,$4.59,$52.17,No
2C4RDGBG2KR649273,7/6/2022,"111,383",300,Regular,12,$4.59,$55.22,No
2C4RDGBG2KR649273,7/7/2022,"111,683",300,Regular,12,$4.59,$55.69,No
2C4RDGBG0KR649272,7/5/2022,"107,664",351,Regular,17,$4.90,$81.12,No
2C4RDGBG0KR649272,7/7/2022,"107,965",301,Regular,15,$4.89,$71.20,No
2C4RDGBG7KR649270,7/1/2022,"59,111",242,Regular,16,$4.80,$76.63,No
2C4RDGBG7KR649270,7/7/2022,"59,439",328,Regular,14,$4.56,$62.60,No
2C4RDGBG0KR649269,7/6/2022,"53,720",228,Regular,10,$4.39,$44.63,No
2C4RDGBG6KR649356,7/5/2022,"87,854",295,Regular,15,$5.29,$81.65,No
2C4RDGBG4KR649355,7/4/2022,"116,396",329,Regular,16,$4.74,$73.69,No
2C4RDGBG4KR649355,7/7/2022,"117,256",306,Regular,14,$4.90,$70.88,No
2C4RDGBG7KR649351,7/5/2022,"166,077",347,Regular,14,$4.95,$69.93,No
2C4RDGBG7KR649351,7/6/2022,"166,416",339,Regular,13,$4.86,$63.99,No
2C4RDGBG7KR649351,7/7/2022,"166,763",347,Regular,14,$4.80,$68.92,No
2C4RDGBG7KR649351,7/8/2022,"167,083",320,Regular,13,$4.67,$60.00,No
2C4RDGBG4KR649260,7/1/2022,"28,730",131,Regular,8,$5.10,$39.00,No
2C4RDGBG8KR649357,7/7/2022,"70,605",294,Regular,15,$5.53,$85.01,No
2C4RDGBG5KR649347,7/7/2022,"64,610",310,Regular,14,$4.56,$65.47,No
2C4RDGBGXKR649344,7/1/2022,"165,500",396,Regular,17,$5.00,$83.42,No
2C4RDGBGXKR649344,7/6/2022,"165,977",477,Regular,11,$4.70,$50.00,No
2C4RDGBGXKR649344,7/7/2022,"166,192",215,Regular,15,$4.98,$72.56,No
2C4RDGBG8KR649343,7/5/2022,"66,333",277,Regular,16,$4.38,$71.89,No
2C4RDGBG8KR649343,7/6/2022,"66,627",294,Regular,12,$4.11,$48.37,No
2C4RDGBG6KR649342,7/5/2022,0,328,Regular,16,$4.40,$69.23,No
2C4RDGBG6KR649437,7/5/2022,"86,096",318,Regular,15,$4.02,$61.94,No
2C4RDGBG6KR649437,7/6/2022,"87,123",327,Regular,16,$4.08,$64.60,No
2C4RDGBG4KR649436,7/1/2022,"83,536",223,Regular,14,$5.53,$77.55,No
2C4RDGBG4KR649436,7/5/2022,"83,728",192,Regular,11,$5.25,$58.12,No
2C4RDGBG2KR649435,7/1/2022,"109,532",237,Regular,9,$6.60,$58.29,No
2C4RDGBG2KR649435,7/5/2022,"109,698",166,Regular,15,$6.15,$95.11,No
2C4RDGBG2KR649435,7/7/2022,"109,980",282,Regular,8,$6.60,$53.56,No
2C4RDGBG2KR649435,7/8/2022,"110,139",159,Regular,14,$6.10,$86.86,No
2C4RDGBG0KR649434,7/1/2022,"99,615",312,Regular,16,$6.44,$101.96,No
2C4RDGBG0KR649434,7/7/2022,"99,860",245,Regular,13,$7.00,$93.02,No
2C4RDGBG3KR649430,7/5/2022,"68,472",259,Regular,14,$4.63,$64.49,No
2C4RDGBG3KR649430,7/7/2022,"68,822",350,Regular,17,$4.80,$81.70,No
2C4RDGBG7KR603065,7/5/2022,"123,889",153,Regular,8,$4.94,$37.40,No
2C4RDGBG7KR603065,7/6/2022,"124,027",138,Regular,6,$4.90,$29.86,No
2C4RDGBG7KR603065,7/7/2022,"124,227",200,Regular,9,$4.90,$43.89,No
1N6BF0KM9KN806641,7/1/2022,"72,487",406,Regular,23,$4.16,$94.08,No
1N6BF0KM9KN806655,7/6/2022,"79,345",276,Regular,19,$4.60,$86.41,No
1N6BF0KM9KN806655,7/7/2022,"79,664",319,Regular,20,$4.31,$85.01,No
1N6BF0KM5KN806622,7/5/2022,"150,313",472,Regular,23,$4.40,$101.88,No
1N6BF0KMXKN806602,7/5/2022,"94,716",356,Regular,21,$4.40,$91.20,No
1N6BF0KMXKN806602,7/8/2022,"95,106",390,Regular,24,$4.25,$100.01,No
1N6BF0KM3KN806649,7/1/2022,"89,054",334,Regular,12,$4.20,$51.98,No
1N6BF0KM3KN806649,7/7/2022,"89,267",213,Regular,19,$4.38,$84.35,No
1N6BF0KM8KN806677,7/1/2022,"51,037",415,Regular,23,$4.60,$107.50,No
1N6BF0KM8KN806677,7/8/2022,"51,429",392,Regular,24,$4.48,$107.02,No
1N6BF0KM7KN805973,7/5/2022,"52,498",210,Regular,15,$4.84,$71.25,No
1N6BF0KM7KN805973,7/7/2022,"52,731",233,Regular,16,$4.76,$74.77,No
1N6BF0KM5KN805955,7/5/2022,"61,275",105,Regular,9,$4.80,$45.01,No
1N6BF0KM5KN805955,7/7/2022,"61,455",180,Regular,11,$4.77,$53.57,No
1N6BF0KM3KN805887,7/7/2022,"58,228",168,Mid-Grade,10,$5.20,$53.81,No
1N6BF0KM1KN806567,7/6/2022,"97,791",328,Regular,21,$4.08,$86.85,No
1N6BF0KM5KN805101,7/6/2022,"72,132",285,Regular,22,$4.60,$101.45,No
1N6BF0KM9KN805215,7/5/2022,"87,960",522,Regular,13,$4.80,$61.12,No
1N6BF0KM9KN805215,7/7/2022,"87,482",340,Regular,20,$4.80,$95.98,No
1N6BF0KM5KN805308,7/6/2022,"69,348",221,Regular,17,$4.60,$76.48,No
1N6BF0KM5KN805308,7/7/2022,"69,520",172,Regular,12,$4.60,$54.40,No
1N6BF0KM3KN805033,7/1/2022,"59,675",221,Regular,14,$4.64,$63.95,No
1N6BF0KM3KN805033,7/5/2022,"59,824",149,Regular,14,$4.86,$67.94,No
1N6BF0KM3KN805033,7/8/2022,"60,016",192,Regular,12,$4.83,$59.64,No
1N6BF0KM5KN804949,7/1/2022,"119,346",188,Regular,12,$4.80,$55.39,No
1N6BF0KM5KN804949,7/5/2022,"119,569",223,Regular,13,$4.86,$62.49,No
1N6BF0KM5KN804949,7/6/2022,"119,840",271,Regular,15,$4.93,$74.36,No
1N6BF0KM5KN804949,7/7/2022,"120,054",214,Regular,14,$4.64,$62.73,No
1N6BF0KMXKN805384,7/1/2022,"80,156",184,Regular,15,$5.00,$72.43,No
1N6BF0KMXKN805384,7/8/2022,"80,448",292,Regular,23,$4.79,$109.74,No
1N6BF0KM1KN805984,7/1/2022,"114,897",336,Regular,20,$4.80,$97.94,No
1N6BF0KM1KN805984,7/7/2022,"114,514",391,Regular,24,$4.65,$110.46,No
1N6BF0KM1KN806083,7/6/2022,"95,758",308,Regular,21,$4.82,$100.82,No
1N6BF0KM1KN806083,7/8/2022,"98,653",327,Regular,20,$4.58,$93.11,No
1N6BF0KM3KN806621,7/7/2022,"62,884",382,Regular,24,$4.80,$114.24,No
1N6BF0KM5KN806006,7/5/2022,"78,522",275,Regular,19,$4.40,$85.62,No
1N6BF0KM5KN806006,7/6/2022,"78,782",260,Regular,18,$4.36,$76.43,No
1N6BF0KM5KN806586,7/8/2022,"110,833",258,Regular,18,$4.33,$80.01,No
1N6BF0KM2KN806593,7/5/2022,"83,298",294,Regular,18,$4.37,$79.70,No
1N6BF0KM2KN806593,7/7/2022,"83,642",344,Regular,20,$4.19,$82.41,No
1N6BF0KM4KN805980,7/5/2022,"2,698",326,Regular,23,$6.30,$142.57,No
1N6BF0KM4KN805980,7/8/2022,"3,015",317,Regular,23,$6.30,$145.30,No
1N6BF0KM6KN805964,7/1/2022,"116,835",368,Regular,22,$4.67,$100.77,No
1N6BF0KM6KN805964,7/6/2022,"117,147",312,Regular,18,$4.34,$78.54,No
1N6BF0KM6KN805964,7/8/2022,"117,430",283,Regular,16,$4.12,$65.46,No
1N6BF0KM1JN812318,7/1/2022,"117,570",280,Regular,18,$4.84,$85.43,No
1N6BF0KM1JN812318,7/6/2022,"117,811",241,Regular,15,$4.70,$70.33,No
1N6BF0KM1JN812318,7/7/2022,0,263,Regular,17,$4.70,$79.51,No
3N6CM0KN4KK701241,7/6/2022,"52,430",256,Regular,10,$4.49,$44.47,No
3N6CM0KN0KK696295,7/5/2022,"87,332",201,Regular,7,$6.20,$46.44,No
3N6CM0KN0KK696295,7/7/2022,"87,525",193,Regular,7,$6.20,$45.03,No
3N6CM0KN3KK701263,7/8/2022,"40,440",295,Regular,21,$3.91,$82.67,No
3C6TRVNG3KE544306,7/5/2022,"75,084",341,Regular,10,$4.86,$50.00,No
3C6TRVNG3KE544306,7/7/2022,"75,342",258,Regular,18,$4.65,$82.79,No
3C6TRVNG9KE533164,7/1/2022,"82,797",321,Regular,19,$4.90,$95.02,No
3C6TRVNG9KE543967,7/5/2022,"71,300",300,Regular,19,$4.95,$94.05,No
3C6TRVNG9KE543967,7/6/2022,"71,700",400,Regular,20,$4.85,$98.98,No
3C6TRVNG1KE533160,7/8/2022,"87,309",306,Regular,18,$4.20,$74.71,No
3C6TRVNG5KE533159,7/5/2022,"72,429",314,Regular,21,$5.70,$120.78,No
3C6TRVNG0KE536664,7/5/2022,"64,288",211,Regular,16,$6.30,$99.37,No
3C6TRVNG0KE536664,7/7/2022,"64,512",224,Regular,14,$6.30,$89.33,No
3C6TRVNG0KE536664,7/7/2022,"64,678",166,Regular,11,$6.10,$64.69,No
3C6TRVNG0KE536664,7/8/2022,"64,864",186,Regular,13,$6.30,$79.26,No
2C4RDGBG9JR255980,7/6/2022,"87,311",391,Regular,17,$4.31,$75.41,No
2C4RDGBG9JR255980,7/8/2022,"87,704",393,Regular,16,$4.10,$67.18,No
2C4RDGBG2KR524502,7/5/2022,"109,790",283,Regular,15,$3.93,$57.90,No
1N6BF0KM3JN815463,7/5/2022,"73,362",287,Regular,19,$6.30,$120.01,No
1N6BF0KM3JN815463,7/8/2022,"73,695",333,Regular,21,$6.40,$135.65,No
2C4RDGBG5KR524929,7/6/2022,"71,156",295,Regular,17,$4.60,$78.47,No
2C4RDGBG2KR649158,7/1/2022,"80,974",171,Regular,9,$4.86,$42.85,No
2C4RDGBG2KR649158,7/6/2022,"81,214",240,Regular,12,$4.86,$58.27,No
1N4BL4DV0KC154468,7/6/2022,0,499,Regular,15,$4.30,$63.71,No
1N4BL4DV7KC155990,7/3/2022,"53,357",439,Regular,15,$4.74,$70.00,No
2C4RDGBG0KR558812,7/1/2022,"84,915",335,Regular,14,$4.80,$67.25,No
2C4RDGBG0KR558812,7/7/2022,"85,283",368,Regular,15,$4.90,$74.75,No
2C4RDGBG0KR649157,7/5/2022,"101,102",414,Regular,17,$4.90,$82.51,No
2C4RDGBG2KR573473,7/1/2022,"91,589",179,Regular,10,$4.63,$44.90,No
2C4RDGBG2KR573473,7/6/2022,"91,866",277,Regular,12,$4.58,$53.00,No
2C4RDGBG5KR546686,7/5/2022,"110,008",346,Regular,15,$6.50,$100.34,No
2C4RDGBG5KR546686,7/8/2022,"103,624",368,Regular,17,$6.00,$101.23,No
2C4RDGBG3KR546525,7/6/2022,"58,405",352,Regular,15,$6.60,$99.64,No
2C4RDGBG2KR573442,7/1/2022,"97,600",356,Regular,17,$6.48,$110.69,No
2C4RDGBG2KR573442,7/6/2022,"97,939",339,Regular,17,$6.30,$104.66,No
3C6TRVNG8KE505498,7/1/2022,"97,258",123,Regular,10,$4.34,$42.53,No
3C6TRVNG8KE505498,7/6/2022,"97,632",374,Regular,20,$4.80,$94.21,No
3C6TRVNG8KE505498,7/8/2022,"97,883",251,Regular,14,$4.80,$69.19,No
1N6BF0LY8JN815346,7/5/2022,"60,906",296,Regular,17,$4.89,$84.86,No
1N6BF0LY8JN815346,7/8/2022,"61,321",415,Regular,23,$4.80,$111.58,No
2C4RDGBG4KR586659,7/5/2022,0,256,Regular,16,$4.30,$66.74,No
2C4RDGBG4KR586659,7/7/2022,"86,125",255,Regular,15,$4.23,$65.24,No
2C4RDGBG0KR586660,7/7/2022,"75,786",354,Regular,17,$4.28,$73.71,No
1N4BL4DV0KC169150,7/7/2022,"102,818",353,Regular,12,$5.00,$59.61,No
1FTYE1ZM0HKA20443,7/5/2022,"122,355",361,Regular,21,$4.66,$97.19,No
1FTYE1ZM0HKA20443,7/7/2022,"122,763",408,Regular,22,$4.56,$100.44,No
3N6CM0KN1KK696600,7/5/2022,"86,043",205,Regular,11,$6.50,$69.07,No
3N6CM0KN1KK696600,7/7/2022,"86,245",202,Regular,10,$6.00,$57.54,No
3N6CM0KN8KK696688,7/4/2022,0,241,Regular,9,$6.18,$57.45,No
1N4BL4DV8KC146179,7/2/2022,"55,783",543,Mid-Grade,14,$6.10,$84.88,No
1N6BF0KM3KN801001,7/7/2022,"60,987",356,Regular,23,$6.30,$143.27,No
3N6CM0KN1KK698847,7/8/2022,"32,205",320,Regular,13,$5.40,$68.41,No
2C4RDGBG3KR559131,7/6/2022,"88,758",294,Other,16,$3.29,$53.58,No
2C4RDGBG7KR547323,7/5/2022,"63,115",302,Regular,11,$4.66,$53.43,No
2C4RDGBG7KR547323,7/6/2022,"63,436",321,Regular,15,$4.66,$71.08,No
2C4RDGBG4KR573538,7/1/2022,"60,656",332,Regular,16,$4.50,$73.80,No
2C4RDGBGXKR504854,7/1/2022,"64,328",119,Regular,13,$5.05,$63.50,No
2C4RDGBGXKR504854,7/7/2022,"63,890",341,Regular,17,$4.70,$79.00,No
1N6BF0KM7KN804077,7/6/2022,"74,992",275,Regular,20,$4.74,$93.60,No
1N6BF0KM7KN804077,7/7/2022,"75,249",257,Regular,18,$4.70,$85.00,No
1N4BL4DW7KC133609,7/6/2022,"41,795",443,Regular,12,$4.86,$60.12,No
1N4BL4DW7KC133609,7/8/2022,"42,119",324,Regular,11,$4.90,$52.00,No
1N6BF0KY1KN805583,7/5/2022,"99,232",377,Regular,23,$4.50,$103.48,No
1N6BF0KY1KN805616,7/7/2022,"45,456",275,Regular,22,$4.49,$97.98,No
2C4RDGBG1KR664606,7/1/2022,"34,459",276,Regular,16,$4.43,$69.68,No
2C4RDGBG2KR612689,7/5/2022,"76,267",255,Regular,12,$4.80,$57.46,No
3N6CM0KN8KK701923,7/6/2022,"50,414",230,Regular,9,$4.60,$41.34,No
3N6CM0KN8KK699087,7/5/2022,"44,772",538,Regular,13,$4.70,$58.98,No
1FTMF1CB4KKD33330,7/1/2022,"150,283",167,Regular,16,$4.50,$72.10,No
1FTMF1CB4KKD33330,7/6/2022,"150,642",359,Regular,18,$4.60,$81.98,No
1FTMF1CB4KKD33330,7/8/2022,"150,955",313,Regular,15,$4.20,$63.33,No
2C4RDGBG0KR615462,7/6/2022,"90,923",378,Regular,16,$4.34,$71.57,No
2C4RDGBG7KR634221,7/5/2022,"46,307",354,Regular,15,$4.10,$62.76,No
2C4RDGBG7KR634221,7/7/2022,"46,660",353,Regular,15,$4.00,$58.70,No
3C6TRVBG1KE512961,7/1/2022,0,327,Regular,20,$4.19,$83.95,No
2C4RDGBG0KR603117,7/6/2022,"100,470",375,Regular,16,$4.80,$78.22,No
2C4RDGBGXKR643477,7/8/2022,"63,923",314,Regular,15,$4.50,$65.61,No
1N6BF0KM9KN801293,7/1/2022,"69,609",302,Regular,21,$5.45,$115.68,No
1N6BF0KM9KN801293,7/7/2022,"69,921",312,Regular,23,$4.60,$103.84,No
1N4BL4DW1LC121022,7/1/2022,"46,261",529,Regular,15,$4.92,$74.01,No
3C6TRVAG6KE507157,7/7/2022,"128,415",340,Regular,18,$4.80,$87.50,No
3C6TRVNG6KE531808,7/6/2022,"133,944",397,Regular,21,$5.35,$113.97,No
1N6BF0KM8JN811120,7/5/2022,"109,264",625,Regular,21,$4.85,$101.41,No
1N6BF0KM9KN804601,7/1/2022,"49,822",313,Regular,21,$4.86,$101.86,No
1N6BF0KM9KN804601,7/6/2022,"50,129",307,Regular,20,$4.76,$97.20,No
1N6BF0KM9KN804601,7/8/2022,"5,048",349,Regular,23,$4.70,$110.10,No
2C4RDGCG4KR740768,7/3/2022,"50,895",413,Regular,18,$4.85,$85.95,No
2C4RDGBGXKR503171,7/5/2022,"24,059",116,Regular,6,$4.80,$30.94,No
2C4RDGBGXKR503171,7/7/2022,"85,205",396,Regular,18,$4.85,$86.29,No
3C6TRVCG6FE509736,7/6/2022,"101,835",327,Regular,19,$4.75,$89.43,No
3C6TRVCG6FE509736,7/8/2022,"128,188",328,Regular,19,$4.76,$88.39,No
1N6BF0KM1KN801272,7/6/2022,"26,528",316,Regular,19,$5.07,$97.19,No
1N6BF0KYXKN803525,7/1/2022,"118,970",334,Regular,21,$4.90,$103.91,No
1N6BF0KYXKN803525,7/5/2022,"119,318",348,Regular,22,$4.85,$106.48,No
1N6BF0KYXKN803525,7/7/2022,"119,700",382,Regular,23,$4.84,$109.94,No
1N6BF0KY4KN803519,7/5/2022,"107,024",270,Regular,19,$4.90,$95.39,No
1N6BF0KY4KN803519,7/6/2022,"107,265",241,Regular,17,$4.86,$81.21,No
1N6BF0KY4KN803519,7/7/2022,"107,526",261,Regular,18,$4.80,$84.79,No
2C4RDGBG1KR615177,7/5/2022,"103,743",384,Regular,18,$4.86,$87.15,No
2C4RDGBG1KR615177,7/7/2022,"104,097",354,Regular,16,$4.56,$71.21,No
2C4RDGBGXKR638392,7/1/2022,"7,800",305,Regular,14,$5.66,$77.56,No
2C4RDGBGXKR638392,7/6/2022,"78,000",359,Regular,16,$5.40,$86.98,No
2C4RDGBGXKR638392,7/7/2022,"48,589",352,Regular,16,$5.38,$85.02,No
1N6BF0KM2KN801121,7/1/2022,"95,860",362,Regular,22,$4.96,$109.84,No
1N6BF0KM2KN801121,7/7/2022,"96,209",349,Regular,22,$4.96,$110.47,No
1N4BL4DV3KC250160,7/5/2022,0,329,Regular,10,$4.17,$41.01,No
1N4BL4DV3KC250160,7/6/2022,0,298,Regular,9,$4.16,$37.01,No
1N6BF0KM5KN807656,7/6/2022,"59,100",352,Regular,24,$6.23,$151.65,No
3C6TRVBG5KE533120,7/5/2022,"64,000",550,Regular,19,$6.48,$123.22,No
3C6TRVBG5KE533120,7/7/2022,"64,360",360,Regular,22,$6.48,$145.20,No
3N6CM0KNXKK706539,7/7/2022,"90,157",228,Regular,10,$6.48,$63.12,No
2C4RDGBG4KR664616,7/5/2022,"51,141",336,Regular,15,$4.96,$72.33,No
3N6CM0KN4KK706097,7/6/2022,"27,810",302,Regular,12,$4.85,$59.47,No
1FTFW1ET2DFC93985,7/5/2022,"162,548",417,Regular,24,$4.97,$118.29,No
2C4RDGBG2KR504038,7/5/2022,"82,723",295,Regular,16,$5.00,$81.44,No
2C4RDGBG2KR504038,7/8/2022,"83,032",309,Regular,13,$4.26,$56.30,No
2C4RDGBG7KR719916,7/1/2022,"87,711",413,Regular,18,$4.10,$73.01,No
2C4RDGBG4KR638498,7/1/2022,"9,161",398,Regular,18,$4.32,$77.27,No
2C4RDGBG4KR638498,7/6/2022,"92,157",399,Regular,18,$4.40,$78.98,No
1N6BF0KM3KN807803,7/6/2022,"82,644",357,Regular,24,$4.66,$111.87,No
3C6TRVNGXKE503039,7/1/2022,"101,671",175,Regular,10,$4.63,$44.31,No
3C6TRVNGXKE503039,7/7/2022,"102,011",340,Mid-Grade,20,$4.93,$96.82,No
1N4BL4DV9KC116298,7/6/2022,"41,627",481,Regular,15,$6.36,$94.72,No
2C4RDGBG1KR615129,7/5/2022,"51,821",344,Regular,16,$4.75,$76.63,No
1N6BF0LY5KN802832,7/6/2022,"59,216",203,Regular,15,$4.80,$72.18,No
1N6BF0LY5KN802832,7/7/2022,"59,585",369,Regular,25,$4.66,$117.51,No
2C4RDGBG9KR740847,7/6/2022,"73,427",211,Regular,11,$6.30,$72.07,No
2C4RDGBG1KR500787,7/5/2022,"52,828",274,Regular,11,$4.90,$55.80,No
2C4RDGBG4KR685191,7/6/2022,"47,661",273,Regular,11,$4.68,$50.83,No
1N6BF0KM6KN806855,7/5/2022,"42,529",374,Regular,22,$4.18,$93.84,No
2C4RDGBG9KR713342,7/1/2022,"140,183",422,Regular,18,$4.98,$87.71,No
2C4RDGBG9KR713342,7/5/2022,"140,570",387,Regular,17,$4.70,$79.93,No
2C4RDGBG9KR713342,7/7/2022,"140,796",226,Regular,17,$4.86,$83.50,No
3N6CM0KN9KK709352,7/5/2022,"83,840",282,Regular,11,$4.57,$51.85,No
3N6CM0KN9KK709352,7/7/2022,"84,071",231,Regular,9,$4.40,$38.97,No
3N6CM0KN4KK708996,7/1/2022,"107,542",174,Regular,7,$6.48,$44.52,No
3N6CM0KN4KK708996,7/5/2022,"107,698",156,Regular,6,$6.48,$39.78,No
3N6CM0KN4KK708996,7/6/2022,"107,838",140,Regular,5,$6.48,$35.27,No
3N6CM0KN4KK708996,7/7/2022,"107,962",124,Regular,5,$6.49,$30.76,No
3N6CM0KN4KK708996,7/8/2022,"108,107",145,Regular,5,$6.48,$35.06,No
1N6BF0LYXKN804494,7/6/2022,"59,961",450,Regular,14,$4.77,$66.00,No
1N6BF0KM9KN801018,7/5/2022,"97,639",307,Regular,19,$4.20,$79.73,No
1N6BF0KM9KN801018,7/6/2022,"98,012",373,Regular,23,$4.50,$103.24,No
1N6BF0KM9KN801018,7/7/2022,"98,351",339,Regular,23,$4.37,$98.65,No
2C4RDGBG4KR757054,7/4/2022,"88,212",314,Regular,11,$4.93,$55.02,No
2C4RDGBG4KR757054,7/6/2022,"88,387",175,Regular,15,$4.90,$71.84,No
3C6TRVNG1KE546359,7/5/2022,"53,830",383,Regular,21,$4.60,$96.27,No
3C6TRVBG8KE509281,7/5/2022,0,279,Regular,16,$4.83,$75.17,No
2C4RDGBG0KR596444,7/2/2022,"98,814",357,Regular,17,$4.76,$79.84,No
1N6BF0KM4KN801265,7/1/2022,"131,730",319,Regular,21,$4.80,$99.12,No
1N4BL4DV6KC250007,7/5/2022,"39,369",198,Regular,9,$4.66,$41.06,No
1N4BL4DV6KC250007,7/7/2022,"99,999",304,Regular,10,$4.30,$43.47,No
1N4BL4DV6KC250007,7/7/2022,"99,999",238,Regular,8,$4.35,$34.46,No
3C6TRVCG2KE531453,7/5/2022,0,288,Regular,16,$4.30,$68.81,No
3C6TRVCG2KE531453,7/7/2022,0,232,Regular,13,$4.20,$54.23,No
3N6CM0KN7KK710984,7/5/2022,"74,936",323,Regular,12,$4.80,$55.25,No
3N6CM0KN7KK710984,7/6/2022,"75,188",252,Regular,8,$4.79,$39.90,No
2C4RDGBG0KR788950,7/5/2022,"60,236",394,Regular,16,$4.90,$80.20,No
2C4RDGBG0KR788950,7/7/2022,"60,500",264,Regular,12,$4.86,$56.25,No
2C4RDGBG2KR788951,7/1/2022,"141,212",397,Regular,16,$4.86,$78.50,No
2C4RDGBG2KR788951,7/5/2022,"134,512",399,Regular,16,$4.80,$78.07,No
2C4RDGBG2KR788951,7/6/2022,"136,121",385,Regular,16,$4.91,$76.93,No
2C4RDGBG2KR788951,7/8/2022,"135,121",397,Regular,16,$4.80,$77.68,No
2C4RDGBG4KR788952,7/7/2022,"16,520",270,Regular,14,$5.14,$72.96,No
2C4RDGBG2KR790330,7/1/2022,"41,414",295,Regular,15,$5.20,$79.19,No
2C4RDGBG8KR788954,7/2/2022,"40,869",134,Regular,6,$5.05,$29.71,No
2C4RDGBG8KR788954,7/7/2022,"40,988",399,Regular,17,$4.89,$85.30,No
2C4RDGBGXKR790320,7/1/2022,"106,062",380,Regular,16,$4.70,$74.88,No
2C4RDGBGXKR790320,7/6/2022,"106,447",385,Mid-Grade,17,$4.80,$80.81,No
2C4RDGBGXKR790320,7/7/2022,"106,719",272,Regular,11,$4.79,$52.32,No
1N6BF0KM4KN800939,7/6/2022,"55,802",318,Regular,23,$4.22,$97.80,No
1N6BF0KM9KN805148,7/1/2022,"107,811",316,Regular,19,$4.50,$86.38,No
1N6BF0KM9KN805148,7/5/2022,"108,222",411,Regular,17,$4.60,$77.76,No
1N6BF0KM9KN805148,7/7/2022,"108,303",363,Regular,20,$4.50,$90.17,No
3N6CM0KN0KK708686,7/1/2022,"64,117",253,Regular,11,$5.50,$60.10,No
3N6CM0KN0KK708686,7/6/2022,"64,376",259,Regular,11,$5.26,$59.13,No
3N6CM0KN0KK708686,7/8/2022,"64,649",273,Regular,12,$5.40,$63.76,No
3C6TRVNG0KE555103,7/5/2022,"70,056",295,Regular,17,$5.29,$90.84,No
3C6TRVNG0KE555103,7/6/2022,"70,222",166,Regular,8,$4.47,$37.81,No
1N6BF0KY9KN803970,7/6/2022,"151,992",361,Regular,23,$4.90,$112.40,No
1N6BF0KY9KN803970,7/7/2022,"152,364",372,Regular,22,$4.82,$106.17,No
1N6BF0KY9KN803970,7/7/2022,"152,641",277,Regular,16,$4.86,$77.05,No
3C6TRVAG6KE516845,7/1/2022,"48,659",352,Regular,13,$4.86,$64.01,No
1N6BF0KM6LN800426,7/5/2022,"83,102",362,Regular,22,$4.85,$106.68,No
2C4RDGBG4KR756552,7/7/2022,"91,589",380,Regular,16,$4.70,$72.88,No
2C4RDGBG4KR777983,7/6/2022,"45,854",310,Regular,16,$4.70,$75.09,No
1N6BF0KM1KN801062,7/5/2022,"1,507",227,Regular,12,$4.80,$58.25,No
1N6BF0KM1KN801062,7/7/2022,"1,811",304,Regular,14,$4.59,$64.05,No
1N6BF0KM1LN803167,7/6/2022,"91,203",287,Regular,20,$4.56,$92.51,No
1N6BF0KM1LN803167,7/7/2022,"91,464",261,Regular,19,$4.20,$80.00,No
3N6CM0KN4LK692378,7/5/2022,"83,429",225,Regular,9,$5.86,$55.16,No
3N6CM0KN4LK692378,7/6/2022,"83,636",207,Regular,9,$5.90,$50.15,No
3N6CM0KN4LK692378,7/7/2022,"83,850",214,Premium,7,$5.86,$43.46,No
1N6BF0KM9LN808102,7/5/2022,"67,139",355,Regular,22,$4.25,$94.82,No
3N6CM0KN9LK694062,7/7/2022,"26,563",278,Regular,12,$5.86,$72.02,No
2C4RDGBG5KR789799,7/6/2022,"78,673",301,Regular,14,$4.37,$61.93,No
1N6BF0KMXLN802342,7/8/2022,"45,643",321,Regular,24,$4.06,$97.40,No
1N6BF0KM0JN803819,7/6/2022,0,251,Regular,18,$4.48,$79.85,No
2C4RDGBG9KR796674,7/1/2022,"72,619",417,Regular,16,$4.53,$71.13,No
2C4RDGBG9KR796674,7/7/2022,"72,983",364,Regular,16,$4.38,$69.40,No
2C4RDGBG3KR796668,7/1/2022,"54,744",374,Regular,18,$4.53,$83.22,No
2C4RDGBG3KR796668,7/7/2022,"55,154",410,Regular,18,$4.33,$79.25,No
1N6BF0KM4KN809673,7/5/2022,"63,960",322,Regular,21,$4.39,$94.02,No
2C4RDGBG1KR767265,7/7/2022,"63,475",298,Regular,16,$4.40,$68.18,No
1N4BL4DW8LC167897,7/6/2022,"46,883",447,Regular,12,$4.94,$58.84,No
NM0LS7F79F1215428,7/1/2022,"107,260",337,Regular,13,$4.90,$61.75,No
NM0LS7F79F1215428,7/6/2022,"107,578",318,Regular,12,$4.69,$57.00,No
1N6BF0KM6LN801608,7/5/2022,"41,150",250,Regular,20,$4.21,$84.94,No
3N6CM0KN9LK698435,7/5/2022,"23,430",257,Regular,13,$4.45,$56.05,No
1N6BF0KMXLN805516,7/6/2022,"77,322",364,Regular,22,$4.84,$105.52,No
1N6BF0KMXLN805516,7/8/2022,"77,487",165,Regular,10,$4.80,$49.68,No
1N6BF0KM2KN800888,7/1/2022,"24,958",285,Regular,24,$6.60,$155.30,No
1N6BF0KM2KN800888,7/6/2022,"22,539",358,Regular,23,$6.00,$140.65,No
1N6BF0KM8LN805742,7/7/2022,"51,662",402,Regular,20,$4.66,$91.53,No
1N6BF0KM9LN800680,7/1/2022,"57,580",252,Regular,19,$4.84,$90.78,No
1N6BF0KM9LN800680,7/7/2022,"57,788",208,Regular,13,$4.79,$60.07,No
1N6BF0KM9LN801716,7/5/2022,"41,466",413,Regular,24,$6.20,$150.00,No
1N6BF0KM9LN801716,7/5/2022,"41,466",27,Regular,2,$6.21,$10.86,No
3N6CM0KN4KK698406,7/7/2022,"33,553",264,Diesel,11,$4.47,$47.77,No
3N6CM0KN0LK693558,7/1/2022,"79,735",133,Regular,8,$4.42,$35.56,No
3N6CM0KN0LK693558,7/4/2022,"80,523",197,Regular,7,$4.00,$29.36,No
3N6CM0KN0LK693558,7/5/2022,"80,738",215,Regular,7,$4.20,$30.80,No
3N6CM0KN0LK693558,7/6/2022,"80,918",180,Regular,7,$4.18,$28.06,No
3N6CM0KN0LK693558,7/7/2022,"81,123",205,Regular,7,$4.16,$28.90,No
2C4RDGBG1KR792702,7/7/2022,"22,491",158,Regular,10,$4.84,$50.64,No
2C4RDGBG4KR807614,7/5/2022,"71,700",337,Regular,18,$4.90,$88.94,No
2C4RDGBG4KR807614,7/6/2022,"72,125",425,Regular,20,$4.92,$95.90,No
3C6TRVNG9LE123126,7/1/2022,"128,360",404,Regular,22,$4.90,$107.53,No
3C6TRVNG9LE123126,7/6/2022,"128,960",600,Regular,20,$4.90,$95.79,No
3C6TRVNG9LE123126,7/7/2022,"129,320",360,Regular,11,$4.80,$51.24,No
3C6TRVNG5LE100202,7/5/2022,"68,069",278,Regular,16,$4.99,$78.02,No
1N6BF0KM8LN802968,7/7/2022,0,290,Regular,19,$4.70,$91.28,No
2C4RDGBG3KR807443,7/6/2022,"38,321",323,Regular,16,$3.87,$63.82,No
NM0LS7E29L1435783,7/8/2022,"61,836",316,Regular,11,$4.80,$50.79,No
2C4RDGBG3LR198405,7/6/2022,0,280,Regular,13,$4.58,$60.00,No
3N6CM0KN5LK699520,7/1/2022,"76,796",268,Regular,11,$4.50,$50.51,No
3N6CM0KN5LK699520,7/8/2022,"77,025",229,Regular,10,$4.56,$46.94,No
3N6CM0KN5LK699520,7/8/2022,"77,267",242,Regular,10,$4.40,$42.05,No
1GTW7AFG0J1902370,7/7/2022,"97,888",421,Regular,28,$4.49,$123.84,No
1GTW7AFG2J1903133,7/7/2022,"116,729",311,Regular,19,$4.75,$91.57,No
3C6UR5HJ7LG111864,7/4/2022,"85,036",354,Regular,27,$6.60,$178.42,No
3C6UR5HJ7LG111864,7/6/2022,"85,364",344,Regular,26,$6.00,$158.24,No
1N6BF0KY2LN809059,7/7/2022,"58,931",323,Regular,23,$4.16,$95.80,No
2C4RDGBG4KR762657,7/5/2022,"61,506",288,Regular,13,$4.60,$59.06,No
1GDHG31UX41905388,7/5/2022,"148,062",345,Regular,26,$5.00,$131.75,No
3C6TRVNG3LE100246,7/6/2022,"74,373",371,Regular,21,$4.07,$85.33,No
3C6TRVNG3LE100246,7/7/2022,"74,720",347,Regular,20,$4.54,$90.96,No
3C6TRVNG3LE100246,7/8/2022,"75,103",383,Regular,20,$4.10,$81.90,No
1N6BF0KM2LN809138,7/1/2022,"47,989",281,Regular,24,$4.33,$104.44,No
1N6BF0KM2LN809138,7/5/2022,"48,297",308,Regular,26,$4.44,$114.46,No
1N6BF0KM2LN809138,7/7/2022,"48,520",223,Regular,19,$4.05,$75.50,No
3N6CM0KN6LK698196,7/5/2022,"45,993",320,Regular,13,$4.53,$60.03,No
3N6CM0KN6LK698196,7/6/2022,"46,273",280,Regular,13,$4.52,$57.32,No
1N6BF0KM2LN808328,7/8/2022,"22,746",219,Regular,18,$4.58,$83.80,No
1N6BF0KM0LN808148,7/2/2022,"22,800",162,Regular,10,$4.38,$44.00,No
1N6BF0KM0LN808148,7/6/2022,"23,330",530,Regular,24,$4.70,$113.25,No
1N6BF0KM0LN808148,7/7/2022,"23,332",341,Regular,21,$4.50,$95.15,No
2C4RDGBG7KR797239,7/1/2022,"50,787",297,Regular,17,$4.89,$82.61,No
3C6TRVBG8LE100425,7/6/2022,"51,567",343,Regular,22,$5.46,$118.25,No
2C4RDGBG7LR195099,7/6/2022,"85,216",199,Regular,9,$4.40,$38.01,No
3N6CM0KN6LK702876,7/1/2022,"85,880",175,Regular,8,$4.20,$33.60,No
3N6CM0KN6LK702876,7/2/2022,"86,119",239,Regular,8,$4.37,$36.35,No
3N6CM0KN6LK702876,7/5/2022,"86,302",183,Regular,8,$4.16,$33.50,No
3N6CM0KN6LK702876,7/6/2022,"86,523",221,Regular,9,$4.08,$36.75,No
3N6CM0KN6LK702876,7/7/2022,"86,728",205,Regular,10,$4.16,$40.01,No
3N6CM0KN6LK702876,7/8/2022,"86,864",136,Regular,7,$4.06,$28.50,No
1N4BL4BV5LC256210,7/6/2022,"28,368",601,Regular,16,$4.90,$77.42,No
1N6BF0KM7LN809636,7/6/2022,"99,903",316,Regular,20,$4.42,$89.90,No
1N6BF0KM5LN808355,7/7/2022,"43,460",370,Regular,24,$5.80,$137.00,No
3N6CM0KN3LK705167,7/6/2022,"49,173",279,Regular,10,$5.20,$50.50,No
3N6CM0KN3LK705167,7/7/2022,"49,436",263,Regular,9,$5.03,$43.01,No
1GDGG31C781913814,7/8/2022,"134,265",233,Regular,28,$5.00,$137.74,No
2C4RDGBG8LR235626,7/2/2022,"61,406",339,Regular,15,$4.57,$69.91,No
2C4RDGBG8LR235626,7/7/2022,"61,770",364,Regular,17,$4.86,$84.59,No
2C4RDGBG8LR235626,7/8/2022,"62,153",383,Regular,16,$4.80,$75.41,No
W1YV0BEY3M3848454,7/6/2022,"15,188",321,Regular,14,$5.18,$71.86,No
W1YV0BEY3M3848454,7/7/2022,"15,415",227,Regular,10,$4.75,$48.18,No
W1YV0BEY3M3848020,7/1/2022,"16,086",282,Premium,10,$5.40,$55.94,No
W1YV0BEY3M3848020,7/6/2022,"16,396",310,Premium,13,$5.35,$68.96,No
W1YV0BEY5M3847547,7/7/2022,"8,552",89,Mid-Grade,4,$6.35,$26.10,No
W1YV0BEY5M3847547,7/7/2022,"8,496",265,Premium,12,$6.56,$79.68,No
W1YV0BEY8M3847185,7/7/2022,"10,749",241,Premium,12,$6.15,$73.94,No
W1YV0BEY8M3847400,7/5/2022,"28,080",423,Premium,17,$5.30,$89.67,No
W1YV0BEYXM3845955,7/5/2022,"28,225",278,Premium,14,$4.93,$71.18,No
W1YV0BEYXM3845955,7/7/2022,"28,561",336,Premium,15,$4.96,$76.48,No
W1YV0BEY6M3847931,7/1/2022,"4,098",338,Mid-Grade,13,$5.19,$69.02,No
W1YV0BEY6M3847931,7/8/2022,"4,388",290,Mid-Grade,13,$5.22,$67.96,No
W1YV0BEY8M3846022,7/7/2022,1,153,Regular,7,$4.37,$29.79,No
1N6BF0KY8LN809325,7/1/2022,"74,993",199,Regular,24,$4.60,$111.63,No
1N6BF0KY8LN809325,7/5/2022,"75,287",294,Regular,11,$4.46,$50.00,No
1N6BF0KY8LN809325,7/5/2022,"75,278",197,Regular,13,$4.46,$58.62,No
1N6BF0KY8LN809325,7/7/2022,"75,493",215,Regular,12,$4.30,$50.00,No
1N6BF0KY8LN809325,7/7/2022,"75,493",219,Regular,15,$4.30,$62.64,No
3C6TRVDG6LE141892,7/5/2022,"43,250",168,Regular,9,$4.90,$45.00,No
3C6TRVDG6LE141892,7/6/2022,0,191,Regular,12,$4.68,$54.86,No
3C6TRVDG6LE141892,7/7/2022,"43,615",192,Regular,12,$4.76,$56.31,No
2C4RDGBG5LR221912,7/1/2022,"36,678",204,Regular,11,$4.31,$48.31,No
2C4RDGBG5LR221912,7/6/2022,"36,960",282,Regular,16,$4.22,$66.05,No
2C4RDGBG5LR221912,7/8/2022,"37,265",305,Regular,16,$4.17,$68.44,No
NM0LS7E2XM1500769,7/1/2022,"76,520",194,Regular,8,$4.50,$35.00,No
NM0LS7E2XM1500769,7/6/2022,"16,867",309,Regular,12,$4.29,$53.06,No
NM0LS7E2XM1500769,7/8/2022,"17,033",166,Regular,5,$4.36,$20.00,No
NM0LS7E2XM1500772,7/1/2022,"32,169",293,Regular,12,$4.68,$55.76,No
NM0LS7E2XM1500772,7/7/2022,"32,488",319,Regular,13,$4.48,$56.75,No
NM0LS7E23M1500774,7/3/2022,"38,196",311,Regular,12,$4.26,$50.00,No
NM0LS7E23M1500774,7/7/2022,"38,539",169,Regular,7,$4.36,$30.01,No
NM0LS7E23M1500774,7/7/2022,"38,601",62,Regular,8,$4.20,$35.00,No
NM0LS7E21M1500773,7/6/2022,"32,500",312,Regular,13,$3.98,$50.00,No
NM0LS7E25M1500775,7/6/2022,"26,926",366,Regular,14,$4.54,$61.58,No
NM0LS7E25M1500775,7/6/2022,"26,926",18,Regular,1,$4.55,$3.23,No
NM0LS7E29M1500777,7/5/2022,"4,047",354,Regular,13,$5.56,$69.62,No
NM0LS7E29M1500777,7/6/2022,"41,147",369,Regular,13,$5.50,$71.68,No
NM0LS7E20M1500778,7/8/2022,"17,215",79,Regular,3,$4.70,$16.31,No
NM0LS7E22M1500779,7/3/2022,"30,269",105,Mid-Grade,4,$4.75,$20.09,No
NM0LS7E22M1500779,7/5/2022,"30,913",314,Regular,13,$4.15,$52.54,No
NM0LS7E29M1500780,7/1/2022,"22,089",317,Regular,12,$4.36,$54.00,No
NM0LS7E20M1500781,7/5/2022,"17,278",329,Regular,13,$4.56,$59.89,No
NM0LS7E20M1500781,7/7/2022,0,332,Regular,13,$4.27,$56.58,No
NM0LS7E22M1500782,7/5/2022,"34,512",340,Regular,11,$4.60,$52.77,No
NM0LS7E22M1500782,7/8/2022,"34,925",413,Regular,14,$4.78,$67.46,No
NM0LS7E24M1500783,7/1/2022,"27,937",267,Regular,10,$4.94,$50.22,No
NM0LS7E24M1500783,7/6/2022,"28,247",310,Regular,12,$4.66,$55.64,No
NM0LS7E26M1500784,7/1/2022,"20,965",102,Regular,10,$4.74,$48.02,No
NM0LS7E26M1500784,7/6/2022,"21,237",272,Regular,10,$4.67,$47.67,No
NM0LS7E26M1500784,7/8/2022,"21,584",347,Regular,13,$5.00,$67.12,No
NM0LS7E21M1500787,7/7/2022,"46,843",405,Regular,14,$5.63,$79.67,No
NM0LS7E21M1500787,7/8/2022,"47,249",406,Regular,15,$4.65,$69.22,No
NM0LS7E21M1500823,7/6/2022,"32,700",367,Regular,13,$4.15,$54.07,No
NM0LS7E29M1500925,7/5/2022,"33,268",342,Regular,13,$4.90,$63.98,No
NM0LS7E25M1500811,7/7/2022,"20,724",237,Regular,11,$4.18,$46.84,No
NM0LS7E23M1500810,7/8/2022,"17,519",346,Regular,12,$5.56,$69.29,No
NM0LS7E2XM1500805,7/5/2022,"22,947",312,Regular,13,$6.10,$76.86,No
NM0LS7E28M1500804,7/8/2022,"24,227","1,277",Diesel,46,$5.69,$260.00,No
NM0LS7E28M1500804,7/8/2022,"24,127",785,Diesel,28,$5.69,$159.84,No
NM0LS7E22M1500801,7/4/2022,"18,596",158,Regular,4,$4.45,$20.00,No
NM0LS7E22M1500801,7/6/2022,"18,868",272,Regular,11,$4.24,$48.53,No
NM0LS7E20M1500800,7/6/2022,"19,933",295,Regular,11,$4.39,$48.55,No
NM0LS7E26M1500798,7/5/2022,"26,555",235,Regular,9,$5.40,$49.79,No
NM0LS7E26M1500798,7/7/2022,0,187,Regular,9,$5.40,$49.06,No
NM0LS7E22M1500796,7/1/2022,"40,000",369,Regular,12,$5.26,$64.29,No
NM0LS7E22M1500796,7/6/2022,"35,968",394,Regular,13,$5.30,$69.23,No
NM0LS7E24M1500797,7/7/2022,"20,869",405,Regular,14,$4.66,$63.44,No
NM0LS7E29M1500794,7/1/2022,"32,613",373,Regular,14,$6.50,$90.49,No
NM0LS7E29M1500794,7/6/2022,"32,966",353,Regular,13,$6.18,$82.79,No
NM0LS7E27M1500793,7/5/2022,"32,751",288,Regular,13,$3.95,$50.29,No
NM0LS7E27M1500793,7/7/2022,"33,026",275,Regular,12,$4.20,$51.39,No
NM0LS7E23M1500791,7/5/2022,"15,270",170,Regular,6,$4.63,$28.31,No
NM0LS7E23M1500791,7/7/2022,"15,404",123,Regular,5,$4.61,$23.56,No
NM0LS7E21M1500790,7/5/2022,"31,416",290,Regular,13,$6.24,$81.40,No
NM0LS7E21M1500790,7/7/2022,"31,761",345,Regular,14,$6.50,$88.53,No
NM0LS7E26M1500929,7/1/2022,"17,358",322,Regular,11,$4.64,$50.00,No
NM0LS7E22M1500930,7/7/2022,"1,523",313,Diesel,14,$6.00,$84.30,No
NM0LS7E24M1500931,7/1/2022,"36,840",302,Regular,12,$4.53,$52.65,No
NM0LS7E24M1500931,7/6/2022,"37,129",289,Regular,10,$4.63,$48.45,No
NM0LS7E21M1500935,7/1/2022,"30,291",317,Regular,13,$4.46,$56.02,No
NM0LS7E25M1500937,7/7/2022,"20,039",314,Regular,11,$6.20,$71.03,No
NM0LS7E27M1500938,7/6/2022,"10,000",369,Regular,11,$6.38,$70.57,No
NM0LS7E27M1500938,7/7/2022,"9,918",279,Regular,11,$5.90,$65.05,No
NM0LS7E27M1500941,7/6/2022,"14,446",212,Regular,11,$4.48,$48.40,No
NM0LS7E29M1500942,7/7/2022,"9,086",236,Regular,10,$5.85,$59.81,No
NM0LS7E20M1500943,7/5/2022,"15,146",268,Regular,10,$4.93,$47.55,No
NM0LS7E20M1500943,7/7/2022,"15,500",354,Regular,13,$4.90,$61.97,No
NM0LS7E20M1500943,7/8/2022,"15,866",366,Regular,13,$4.80,$60.86,No
1FTYE1Y88MKA07471,7/6/2022,"32,488",422,Regular,22,$4.59,$102.57,No
1FTYE1Y84MKA07466,7/1/2022,"64,731",318,Regular,17,$4.69,$79.99,No
1FTYE1Y84MKA07466,7/5/2022,"65,053",322,Regular,18,$4.69,$86.75,No
1FTYE1Y84MKA07466,7/6/2022,"65,363",310,Regular,16,$4.49,$70.94,No
1FTYE1Y88MKA07468,7/5/2022,"36,224",346,Regular,20,$4.75,$93.23,No
1FTYE1Y82MKA07465,7/7/2022,"25,833",384,Regular,22,$4.66,$100.29,No
1FTYE1Y8XMKA07472,7/8/2022,"25,388",341,Regular,18,$5.00,$89.00,No
1FTYE1Y8XMKA07469,7/1/2022,0,409,Regular,22,$4.74,$102.90,No
1FTYE1Y8XMKA07469,7/7/2022,0,395,Regular,21,$4.58,$96.13,No
1FTYE1Y88MKA07454,7/5/2022,"37,864",323,Regular,18,$4.40,$80.00,No
1FTYE1Y83MKA07474,7/5/2022,"18,110",369,Regular,21,$4.70,$100.01,No
1FTYE1Y81MKA07912,7/6/2022,"38,622",381,Regular,22,$4.70,$101.71,No
1FTYE1Y81MKA07912,7/8/2022,"39,063",441,Regular,23,$4.98,$116.28,No
1FTYE1Y87MKA07462,7/8/2022,"39,028",353,Regular,20,$4.40,$86.22,No
1FTYE1Y83MKA07460,7/5/2022,"59,614",333,Regular,21,$4.41,$92.71,No
1FTYE1Y83MKA07460,7/7/2022,"59,922",308,Regular,18,$4.70,$83.31,No
1FTYE1Y87MKA07431,7/5/2022,"23,270",346,Regular,19,$4.40,$82.54,No
1FTYE1Y87MKA07431,7/7/2022,"23,511",303,Regular,13,$4.49,$60.27,No
1FTYE1Y87MKA07431,7/7/2022,"23,897",386,Regular,17,$4.27,$71.72,No
1FTYE1Y82MKA07417,7/8/2022,"23,487",422,Premium,20,$5.35,$104.85,No
1FTYE1Y88MKA07440,7/6/2022,"28,078",437,Regular,22,$4.78,$106.94,No
1FTYE1Y8XMKA07438,7/5/2022,"13,888",90,Regular,4,$4.77,$20.00,No
1FTYE1Y8XMKA07438,7/6/2022,0,92,Regular,4,$4.67,$20.00,No
1FTYE1Y8XMKA07438,7/7/2022,"12,888",138,Regular,6,$4.67,$30.00,No
1FTYE1Y8XMKA07438,7/8/2022,"15,888",92,Regular,4,$4.67,$20.00,No
1FTYE1Y83MKA07426,7/5/2022,"36,819",399,Regular,22,$4.66,$101.25,No
1FTYE1Y88MKA07423,7/6/2022,"32,511",413,Regular,23,$4.73,$108.42,No
1FTYE1Y86MKA07422,7/5/2022,"26,798",406,Regular,22,$4.70,$103.95,No
1FTYE1Y84MKA07418,7/6/2022,0,412,Regular,22,$4.60,$101.56,No
1FTYE1Y89MKA07432,7/1/2022,"35,479",257,Regular,14,$4.60,$66.26,No
1FTYE1Y89MKA07432,7/6/2022,"36,078",599,Regular,17,$4.76,$82.66,No
1FTYE1Y89MKA07432,7/8/2022,"36,963",309,Regular,17,$4.76,$82.44,No
1FTYE1Y84MKA07435,7/1/2022,"12,875",309,Regular,20,$4.70,$96.01,No
1FTYE1Y84MKA07449,7/1/2022,"66,086",346,Regular,14,$4.35,$62.65,No
1FTYE1Y84MKA07449,7/6/2022,"66,365",60,Regular,3,$4.40,$14.87,No
1FTYE1Y84MKA07449,7/7/2022,"66,618",253,Regular,18,$4.10,$72.47,No
1FTYE1Y84MKA07449,7/8/2022,"66,958",340,Regular,19,$4.46,$86.70,No
1FTYE1Y86MKA07453,7/1/2022,0,310,Regular,16,$4.50,$73.34,No
1FTYE1Y86MKA07453,7/1/2022,"43,936",281,Regular,15,$4.30,$63.46,No
1FTYE1Y89MKA07480,7/1/2022,"39,927",377,Regular,19,$4.39,$83.10,No
1FTYE1Y89MKA07480,7/7/2022,"40,352",425,Regular,24,$4.40,$103.66,No
1FTYE1Y82MKA07482,7/5/2022,"40,656",373,Regular,23,$3.98,$91.70,No
1FTYE1Y82MKA07479,7/5/2022,"20,049",320,Regular,19,$4.28,$82.47,No
1FTYE1Y82MKA07479,7/8/2022,"20,261",212,Regular,13,$4.16,$53.24,No
1FTYE1Y80MKA07450,7/8/2022,"15,888",458,Regular,14,$4.20,$60.00,No
1FTYE1Y82MKA07448,7/7/2022,"38,034",363,Regular,18,$4.40,$78.00,No
1FTYE1Y89MKA07446,7/3/2022,"49,285",406,Regular,22,$4.45,$98.89,No
1FTYE1Y89MKA07446,7/7/2022,"49,679",394,Regular,22,$4.50,$100.20,No
1FTYE1Y8XMKA07486,7/7/2022,"27,913",321,Regular,19,$6.24,$116.69,No
1FTYE1Y85MKA07489,7/4/2022,"39,000",310,Regular,20,$6.00,$121.35,No
1FTYE1Y85MKA07489,7/7/2022,"39,000",344,Regular,22,$6.00,$134.56,No
1FTYE1Y83MKA07491,7/5/2022,"35,603",324,Regular,19,$6.40,$119.81,No
1FTYE1Y83MKA07491,7/8/2022,"35,955",352,Regular,21,$6.30,$131.27,No
1FTYE1Y83MKA07488,7/6/2022,"19,477",415,Regular,22,$6.40,$140.00,No
1FTYE1Y85MKA07492,7/7/2022,200,431,Regular,23,$5.96,$139.66,No
1FTYE1Y86MKA07484,7/1/2022,"41,506",406,Regular,22,$5.30,$114.10,No
1FTYE1Y86MKA07484,7/8/2022,"41,907",401,Regular,22,$5.19,$114.71,No
1FTYE1Y80MKA07464,7/1/2022,"29,842",239,Regular,12,$4.50,$55.03,No
1FTYE1Y80MKA07464,7/7/2022,"30,127",285,Regular,15,$4.25,$64.33,No
1FTYE1Y85MKA07475,7/5/2022,"29,098",189,Regular,12,$4.89,$57.02,No
1FTYE1Y85MKA07475,7/7/2022,"29,467",369,Regular,21,$4.65,$96.06,No
1FTYE1Y81MKA07473,7/1/2022,"52,114",379,Regular,22,$4.65,$100.92,No
1FTYE1Y81MKA07473,7/6/2022,"53,495",367,Regular,21,$4.70,$98.83,No
1FTYE1Y81MKA07473,7/7/2022,"53,806",311,Regular,17,$4.49,$77.23,No
1FTYE1Y86MKA07470,7/5/2022,"38,364",325,Regular,24,$5.00,$120.70,No
1FTYE1Y87MKA07476,7/8/2022,"12,762",470,Regular,23,$5.00,$113.07,No
1FTYE1Y8XMKA07455,7/6/2022,"31,933",352,Regular,18,$4.45,$81.40,No
1FTYE1Y85MKA07458,7/6/2022,"33,858",329,Regular,20,$4.60,$90.39,No
1FTYE1Y8XMKA07441,7/5/2022,"29,958",336,Regular,21,$4.78,$101.58,No
1FTYE1Y8XMKA07441,7/8/2022,"30,273",315,Regular,19,$4.80,$89.53,No
1FTYE1Y85MKA07427,7/6/2022,"175,427",388,Regular,22,$4.60,$99.68,No
1FTYE1Y87MKA07414,7/1/2022,"11,542",339,Regular,19,$4.90,$92.16,No
1FTYE1Y8XMKA07424,7/5/2022,"19,131",268,Regular,14,$4.86,$69.73,No
1FTYE1Y80MKA07416,7/1/2022,"27,251",235,Regular,10,$4.90,$50.07,No
1FTYE1Y81MKA07442,7/7/2022,"23,406",385,Regular,21,$4.80,$100.00,No
1FTYE1Y82MKA07434,7/6/2022,"26,693",371,Regular,21,$4.78,$99.40,No
1FTYE1Y87MKA07428,7/5/2022,"24,835",335,Regular,23,$4.58,$105.39,No
1FTYE1Y82MKA07420,7/5/2022,"22,464",330,Regular,18,$4.70,$84.85,No
1FTYE1Y89MKA07429,7/5/2022,"29,223",403,Regular,22,$4.80,$106.20,No
1FTYE1Y80MKA07433,7/6/2022,"30,298",392,Regular,20,$4.76,$96.38,No
1FTYE1Y81MKA07439,7/8/2022,"9,969",175,Regular,17,$4.80,$80.03,No
1FTYE1Y84MKA07452,7/1/2022,"35,039",435,Regular,23,$4.35,$99.17,No
1FTYE1Y84MKA07452,7/6/2022,"35,424",385,Regular,20,$3.84,$76.80,No
1FTYE1Y81MKA07456,7/5/2022,"28,731",386,Regular,22,$4.29,$95.22,No
1FTYE1Y85MKA07444,7/1/2022,"54,147",424,Premium,22,$4.87,$105.58,No
1FTYE1Y85MKA07444,7/6/2022,"54,628",481,Regular,23,$4.39,$100.60,No
1FTYE1Y89MKA07477,7/1/2022,"8,726",390,Regular,21,$4.70,$97.88,No
1FTYE1Y89MKA07477,7/7/2022,"20,975",421,Regular,23,$4.40,$98.89,No
1FTYE1Y8XMKA07911,7/6/2022,0,392,Regular,21,$4.42,$93.50,No
1FTYE1Y87MKA07445,7/6/2022,"24,280",317,Regular,18,$4.50,$82.41,No
1FTYE1Y82MKA07921,7/1/2022,"28,664",399,Regular,21,$6.80,$142.09,No
1FTYE1Y82MKA07921,7/5/2022,"29,036",372,Regular,19,$6.40,$123.49,No
1FTYE1Y82MKA07921,7/6/2022,"29,357",321,Regular,11,$6.80,$75.07,No
1FTYE1Y82MKA07921,7/7/2022,"29,657",300,Mid-Grade,20,$6.50,$129.45,No
1FTYE1Y81MKA07487,7/1/2022,"37,751",311,Regular,19,$6.36,$122.42,No
1FTYE1Y81MKA07487,7/7/2022,"38,066",315,Regular,19,$6.20,$120.00,No
1FTYE1Y81MKA07487,7/8/2022,"38,273",207,Regular,13,$6.30,$79.38,No
1FTYE1Y85MKA07914,7/8/2022,"161,780",350,Regular,21,$6.20,$130.10,No
1FTYE1Y80MKA07917,7/6/2022,"34,330",348,Regular,20,$6.60,$130.72,No
1FTYE1Y80MKA07917,7/7/2022,"34,649",319,Regular,23,$6.01,$135.95,No
1FTYE1Y83MKA07913,7/5/2022,"10,006",284,Regular,16,$6.40,$102.07,No
1FTYE1Y83MKA07913,7/6/2022,"10,279",273,Regular,15,$6.57,$100.47,No
1FTYE1Y89MKA07916,7/6/2022,"23,323",363,Premium,22,$6.89,$151.69,No
1FTYE1Y84MKA07919,7/5/2022,"11,812",348,Regular,21,$5.60,$114.93,No
1FTYE1Y84MKA07922,7/6/2022,0,400,Regular,21,$5.10,$109.01,No
2C4RDGBG4KR781659,7/6/2022,"57,163",277,Regular,14,$4.30,$60.24,No
1N6BF0KM0LN808988,7/1/2022,"75,257",371,Regular,11,$5.10,$55.38,No
1N6BF0KM0LN808988,7/5/2022,"75,577",320,Regular,21,$4.78,$101.80,No
1N6BF0KM7LN809541,7/5/2022,"42,806",372,Regular,23,$4.17,$97.03,No
2C4RDGBG8KR789294,7/8/2022,"39,074",370,Regular,16,$4.66,$73.79,No
1N6BF0KM3LN810072,7/5/2022,"47,146",283,Regular,17,$5.00,$86.56,No
2C4RDGBGXKR783044,7/6/2022,"35,281",357,Regular,16,$4.56,$71.46,No
2C4RDGBGXKR783044,7/8/2022,"35,648",367,Regular,17,$4.56,$76.28,No
2C4RDGBG2KR684976,7/6/2022,200,0,Regular,18,$6.10,$107.17,No
1N6BF0KM8MN801465,7/1/2022,"18,889",320,Regular,23,$4.48,$101.38,No
1N6BF0KM8MN801465,7/6/2022,"19,196",307,Regular,23,$4.35,$101.47,No
NM0LS7E23L1464454,7/6/2022,"34,893",231,Regular,9,$4.76,$42.52,No
NM0LS7S29N1506665,7/5/2022,"12,036",325,Regular,13,$4.56,$61.35,No
NM0LS7S20N1506666,7/6/2022,"21,325",457,Regular,13,$4.30,$56.67,No
NM0LS7S22N1506667,7/5/2022,"22,390",298,Regular,12,$3.98,$49.00,No
NM0LS7S24N1506668,7/5/2022,"27,578",319,Regular,13,$4.04,$52.11,No
NM0LS7S24N1506668,7/8/2022,"27,892",314,Regular,12,$3.96,$48.88,No
NM0LS7S26N1506669,7/1/2022,"18,394",294,Regular,11,$4.10,$46.99,No
NM0LS7S26N1506669,7/7/2022,"18,675",281,Regular,12,$3.95,$45.94,No
NM0LS7S24N1506671,7/1/2022,"22,350",352,Regular,14,$4.30,$58.48,No
NM0LS7S24N1506671,7/7/2022,"22,630",280,Regular,12,$4.20,$51.43,No
NM0LS7S28N1506673,7/5/2022,"19,779",286,Regular,11,$4.34,$49.37,No
NM0LS7S23N1506676,7/5/2022,"41,955",322,Regular,13,$4.40,$55.41,No
NM0LS7S23N1506676,7/7/2022,"42,280",325,Regular,11,$4.40,$50.00,No
NM0LS7S23N1506676,7/8/2022,"42,596",356,Regular,14,$4.16,$58.51,No
NM0LS7S27N1506678,7/1/2022,"16,031",261,Regular,11,$4.25,$45.48,No
NM0LS7S29N1506679,7/1/2022,"9,369",262,Regular,11,$4.13,$43.99,No
NM0LS7S29N1506679,7/6/2022,"9,692",323,Regular,14,$4.04,$54.60,No
NM0LS7S29N1506679,7/7/2022,"10,005",313,Regular,14,$4.25,$57.74,No
NM0LS7S25N1506680,7/6/2022,"16,149",335,Regular,12,$5.20,$60.71,No
NM0LS7S29N1506682,7/6/2022,0,248,Regular,11,$5.20,$55.25,No
NM0LS7S22N1506684,7/7/2022,"22,478",346,Regular,13,$5.30,$68.06,No
NM0LS7S24N1506685,7/7/2022,"22,890",303,Regular,13,$4.90,$63.76,No
NM0LS7S26N1506686,7/5/2022,0,353,Regular,14,$4.40,$60.70,No
NM0LS7S26N1506686,7/7/2022,"26,213",328,Regular,13,$4.16,$53.27,No
NM0LS7S28N1506687,7/1/2022,"36,521",315,Regular,12,$4.93,$58.02,No
NM0LS7S28N1506687,7/6/2022,"36,886",365,Regular,12,$4.93,$59.37,No
NM0LS7S21N1506689,7/8/2022,"14,287",353,Regular,14,$4.84,$66.88,No
3C6LRVDGXME524073,7/1/2022,"25,555",55,Regular,4,$5.41,$20.00,No
3C6LRVDGXME524073,7/1/2022,"25,555",63,Regular,4,$4.73,$20.00,No
3C6LRVDGXME524073,7/2/2022,"25,555",62,Regular,4,$4.77,$20.00,No
3C6LRVDGXME524073,7/5/2022,"25,555",94,Regular,6,$4.77,$30.00,No
3C6LRVDGXME524073,7/6/2022,"25,555",96,Regular,6,$4.67,$30.00,No
3C6LRVDGXME524073,7/7/2022,"27,166",91,Regular,6,$4.96,$30.21,No
3C6LRVDGXME524073,7/8/2022,"25,555",64,Regular,4,$4.67,$20.00,No
3C6LRVDGXME524073,7/8/2022,"25,555",96,Regular,6,$4.68,$30.00,No
3C6LRVDG1ME524074,7/5/2022,"57,309",214,Regular,13,$4.69,$61.66,No
3C6LRVDG1ME524074,7/7/2022,"57,594",285,Regular,18,$4.69,$83.17,No
3C6LRVDG1ME524074,7/8/2022,"57,857",263,Regular,15,$4.70,$71.70,No
3C6LRVDG3ME524075,7/7/2022,"13,491",130,Regular,10,$4.70,$45.84,No
2C4RDGBG7LR236895,7/6/2022,"60,597",416,Regular,17,$4.22,$71.78,No
3N6CM0KN0LK710939,7/1/2022,"20,145",214,Regular,8,$4.72,$39.58,No
3N6CM0KN0LK710939,7/7/2022,"20,621",262,Regular,10,$4.66,$47.98,No
3C6LRVNG3ME506433,7/1/2022,"56,568",360,Regular,19,$4.90,$92.12,No
3C6LRVNG3ME506433,7/6/2022,"56,904",336,Regular,21,$4.64,$99.68,No
1FTYR1ZM7JKA88796,7/5/2022,"90,100",270,Regular,18,$4.36,$80.00,No
1FTYR1ZM7JKA88796,7/8/2022,"90,370",270,Regular,20,$4.40,$87.66,No
1FTYR1YM0JKA46469,7/5/2022,"156,739",254,Regular,16,$4.30,$70.00,No
1FTYR1YM0JKA46469,7/6/2022,"156,908",169,Regular,11,$4.37,$45.91,No
1FTYR1YM0JKA46469,7/7/2022,"157,136",228,Regular,13,$4.28,$57.40,No
1FTYR1YM0JKA46469,7/8/2022,"157,320",184,Regular,11,$4.26,$47.99,No
2C4RDGCG7JR240568,7/6/2022,"66,318",325,Regular,17,$4.39,$73.41,No
2C4RDGCG6JR240500,7/6/2022,"93,049",271,Regular,15,$4.28,$62.88,No
2C4RDGCG6JR240500,7/8/2022,"93,259",210,Regular,10,$4.27,$43.08,No
NM0LS7E22K1422128,7/8/2022,"42,654",245,Regular,11,$3.87,$42.91,No
1FTYR1ZM6JKA88997,7/6/2022,"65,155",260,Regular,16,$4.19,$65.93,No
NM0LS7E21K1386142,7/5/2022,"71,829",195,Regular,8,$4.40,$34.80,No
NM0LS7E21K1386142,7/7/2022,"72,124",295,Regular,12,$4.30,$49.61,No
2C4RDGBG8JR180964,7/1/2022,"84,801",237,Regular,11,$4.70,$49.73,No
2C4RDGBG8JR180964,7/8/2022,"85,039",238,Regular,17,$4.11,$70.06,No
1FTYR1YM4JKB17057,7/1/2022,"84,812",306,Regular,20,$4.31,$84.42,No
1FTYR1YM4JKB17057,7/5/2022,"85,070",258,Regular,17,$4.48,$75.36,No
WD3PG2EA4H3327822,7/7/2022,"81,628",362,Regular,16,$5.80,$92.99,No
WD3PG2EA0J3378420,7/6/2022,"93,979",357,Premium,16,$6.10,$99.87,No
WD3PG2EA6J3378616,7/6/2022,"103,511",440,Premium,18,$6.30,$113.82,No
WD3PG2EA2J3378385,7/1/2022,"38,000",306,Regular,14,$5.00,$68.28,No
WD3PG2EA2J3378385,7/8/2022,"38,500",242,Regular,11,$4.90,$53.04,No
1FTKE1Y83LKA70837,7/5/2022,"39,168",321,Regular,23,$4.60,$103.69,No
1FTKE1Y83LKA70837,7/7/2022,"39,585",417,Regular,21,$4.50,$93.93,No
1FTYE1Y84MKA38507,7/7/2022,"23,950",382,Regular,22,$4.20,$92.75,No
1FTYE1Y85MKA38547,7/5/2022,"16,473",355,Regular,20,$4.00,$78.30,No
1FTYE1Y85MKA38547,7/7/2022,"16,787",314,Regular,18,$4.28,$77.06,No
1FTYE1Y89MKA38549,7/5/2022,"18,497",361,Regular,20,$4.00,$78.00,No
1FTYE1Y89MKA38549,7/7/2022,"18,823",326,Regular,18,$3.82,$67.94,No
1FTYE1Y84MKA38538,7/7/2022,"15,047",387,Regular,22,$3.95,$85.63,No
1FTYE1Y87MKA38534,7/1/2022,"32,587",414,Regular,23,$4.33,$99.44,No
1FTYE1Y87MKA38534,7/6/2022,"32,880",293,Regular,15,$4.30,$66.13,No
1FTYE1Y89MKA38535,7/6/2022,"18,120",382,Regular,22,$4.30,$93.75,No
1FTYE1Y83MKA38546,7/7/2022,0,404,Regular,23,$4.10,$93.10,No
1FTYE1Y80MKA38536,7/1/2022,"19,099",331,Regular,21,$4.60,$94.35,No
1FTYE1Y82MKA38537,7/2/2022,"10,289",325,Regular,20,$4.30,$87.46,No
1FTYE1Y82MKA38537,7/6/2022,"10,587",298,Regular,17,$4.40,$72.64,No
1FTYE1Y88MKA38543,7/1/2022,"27,511",839,Regular,23,$4.45,$101.96,No
1FTYE1Y88MKA38543,7/7/2022,"27,882",371,Regular,22,$4.05,$88.75,No
1FTYE1Y84MKA38572,7/1/2022,"19,393",229,Regular,11,$5.70,$59.86,No
1FTYE1Y84MKA38572,7/5/2022,"19,557",164,Regular,9,$5.50,$49.77,No
1FTYE1Y84MKA38572,7/8/2022,"19,786",229,Regular,12,$5.40,$62.15,No
1FTYE1Y86MKA38573,7/6/2022,"16,330",349,Regular,22,$5.07,$110.88,No
1FTYE1Y84MKA38569,7/6/2022,"10,880",406,Regular,21,$5.60,$116.42,No
1FTYE1Y80MKA38570,7/5/2022,"13,929",349,Regular,21,$5.50,$113.08,No
1FTYE1Y80MKA38570,7/6/2022,"14,091",162,Regular,9,$5.50,$51.12,No
1FTYE1Y8XMKA38575,7/5/2022,"31,955",432,Regular,21,$4.90,$103.56,No
1FTYE1Y8XMKA38575,7/8/2022,"32,318",363,Regular,19,$4.88,$94.76,No
1FTYE1Y86MKA38539,7/1/2022,"41,000",232,Premium,14,$5.60,$77.00,No
1FTYE1Y86MKA38539,7/2/2022,"41,177",177,Regular,16,$4.40,$72.01,No
1FTYE1Y86MKA38539,7/3/2022,"41,277",215,Regular,13,$4.40,$56.01,No
1FTYE1Y86MKA38539,7/5/2022,"41,227",237,Regular,14,$5.05,$70.71,No
1FTYE1Y86MKA38539,7/8/2022,"41,413",275,Regular,16,$4.30,$70.00,No
1N6BF0KY1LN812132,7/7/2022,0,383,Regular,21,$5.46,$114.53,No
NM0LS7E23M1490425,7/5/2022,"40,089",307,Regular,11,$4.59,$50.15,No
NM0LS7E23M1490425,7/7/2022,"40,353",264,Regular,9,$4.51,$41.14,No
NM0LS7E2XM1490423,7/6/2022,"36,892",308,Regular,13,$4.66,$58.35,No
3C6TRVNG5LE132504,7/5/2022,"35,012",329,Regular,19,$4.29,$82.92,No
1N4BL4DV4MN331000,7/5/2022,"12,224",399,Regular,13,$5.10,$64.72,No
1N6BF0KM0MN804361,7/5/2022,"28,208",339,Regular,23,$4.36,$101.53,No
1N6BF0KM0MN804361,7/8/2022,"28,492",284,Regular,18,$4.30,$75.55,No
1N6BF0KM0MN804361,7/8/2022,"28,687",195,Regular,11,$4.30,$45.69,No
1FTEW1EB7MKD19197,7/1/2022,"47,969",735,Regular,31,$4.76,$149.94,No
1FTEW1EB7MKD19197,7/8/2022,"480,670",649,Regular,31,$4.62,$141.66,No
1FTEW1EP1MFA55513,7/6/2022,"24,121",453,Regular,19,$4.82,$91.06,No
1FTYE1Y81LKB42967,7/1/2022,"38,367",398,Regular,21,$4.86,$102.57,No
1FTYE1Y81LKB42967,7/6/2022,"38,749",382,Regular,20,$4.90,$98.22,No
1FTEW1EB3MKD19195,7/1/2022,"45,648",334,Regular,17,$4.77,$82.05,No
1N6BF0KM2MN806225,7/1/2022,"14,861",341,Regular,24,$5.38,$129.80,No
3N6CM0KN4JK695715,7/5/2022,"111,315",102,Regular,4,$4.61,$19.79,No
3N6CM0KN4JK695715,7/6/2022,"111,407",92,Regular,13,$4.55,$59.13,No
3N6CM0KN4JK695715,7/8/2022,"111,729",322,Regular,11,$4.72,$52.21,No
3N6CM0KN6KK696804,7/1/2022,"81,996",266,Regular,11,$4.94,$54.11,No
3N6CM0KN6KK696804,7/5/2022,"82,235",239,Regular,10,$4.90,$48.29,No
3N6CM0KN6KK696804,7/8/2022,"82,492",257,Regular,11,$4.88,$51.55,No
3N6CM0KN9KK696330,7/7/2022,"85,247",239,Regular,9,$4.70,$43.87,No
3N6CM0KN6KK709132,7/7/2022,"76,669",194,Regular,9,$4.81,$41.14,No
3N6CM0KN6KK709132,7/7/2022,"76,914",245,Regular,9,$4.66,$40.63,No
1N6AA1EJ1KN501359,7/1/2022,"112,034",291,Regular,22,$5.00,$112.40,No
1N6AA1EJ1KN501359,7/6/2022,"112,238",204,Regular,14,$4.77,$67.69,No
1N6AA1EJ1KN501359,7/8/2022,"112,593",355,Regular,21,$4.76,$99.01,No
3N6CM0KN1LK691866,7/5/2022,"56,820",170,Mid-Grade,7,$5.30,$35.88,No
3N6CM0KN1LK691866,7/6/2022,"57,030",210,Mid-Grade,8,$5.15,$43.32,No
3N6CM0KN8HK722473,7/5/2022,"112,530",358,Regular,12,$4.80,$59.20,No
3N6CM0KN8HK722473,7/7/2022,"112,828",298,Regular,11,$4.90,$55.51,No
3C6LRVNG9ME533359,7/5/2022,"29,530",339,Regular,22,$4.66,$102.61,No
NM0LS7E28M1496866,7/5/2022,"31,973",304,Regular,13,$6.20,$78.39,No
NM0LS7E28M1496866,7/7/2022,"32,238",265,Regular,11,$6.10,$69.08,No
1N4BL4DV2MN359569,7/2/2022,"24,187",453,Regular,13,$5.13,$67.20,No
1N6BF0KM4MN806565,7/6/2022,"28,532",332,Regular,22,$4.28,$96.24,No
1N6BF0KM4MN806565,7/7/2022,"28,850",318,Regular,20,$4.35,$87.35,No
NM0LS7E22M1498998,7/5/2022,"20,713",60,Regular,2,$4.50,$10.00,No
NM0LS7E22M1498998,7/7/2022,"20,705",351,Regular,13,$4.50,$58.06,No
3N6CM0KN3MK696651,7/6/2022,"16,389",237,Regular,8,$4.50,$38.01,No
1N4BL4DW2MN367664,7/1/2022,"16,712",419,Regular,15,$5.25,$79.47,No
3C6MRVHG8ME542649,7/1/2022,"34,367",276,Regular,21,$4.93,$102.33,No
3C6MRVHG8ME542649,7/6/2022,"34,676",309,Regular,19,$4.87,$94.83,No
3C6MRVHG8ME542649,7/7/2022,"34,916",240,Regular,15,$4.87,$74.00,No
3C6MRVHG6ME542651,7/4/2022,"37,734",278,Regular,22,$4.80,$105.60,No
3C6MRVHG6ME542651,7/6/2022,"38,049",315,Regular,21,$4.86,$100.98,No
3C6MRVHG6ME542651,7/7/2022,"38,192",6,Regular,0,$4.95,$1.98,No
3C6MRVHG6ME542651,7/7/2022,"38,192",161,Regular,10,$4.86,$51.00,No
1N6AF0KY3MN807849,7/7/2022,"13,237",314,Regular,20,$4.80,$96.10,No
JN8AT3BB5MW221094,7/1/2022,"60,305",394,Regular,15,$4.80,$70.01,No
JN8AT3BB5MW221094,7/6/2022,"60,627",322,Regular,12,$4.80,$55.17,No
JN8AT3BB5MW221094,7/7/2022,"60,839",212,Regular,8,$4.73,$38.80,No
1N6BF0KM0MN809303,7/1/2022,0,214,Regular,14,$4.44,$60.00,No
2C4RDGCG1KR770908,7/1/2022,"58,577",235,Regular,16,$4.86,$79.86,No
2C4RDGCG1KR770908,7/7/2022,"58,829",252,Regular,16,$4.86,$79.01,No
3FA6P0LU4LR220112,7/4/2022,"25,310",337,Regular,9,$4.60,$43.61,No
3FA6P0LU4LR220112,7/7/2022,"25,684",374,Regular,10,$4.15,$40.99,No
1N6BF0KM5MN807286,7/5/2022,"4,497",332,Regular,23,$4.80,$112.00,No
3N6CM0KNXMK705619,7/1/2022,"52,424",388,Premium,17,$4.30,$74.92,No
NM0LS7S28N1518631,7/7/2022,713,0,Regular,12,$5.21,$63.60,No
NM0LS7S2XN1518629,7/1/2022,"7,554",323,Regular,12,$4.90,$57.00,No
NM0LS7S24N1518626,7/5/2022,"3,985",375,Regular,10,$4.70,$45.47,No
NM0LS7S29N1518640,7/6/2022,"6,499",269,Regular,11,$6.49,$73.80,No
NM0LS7S29N1518640,7/8/2022,959,304,Regular,13,$6.46,$83.28,No
NM0LS7S22N1518639,7/5/2022,"1,066",264,Regular,13,$6.30,$80.35,No
NM0LS7S29N1518637,7/7/2022,"1,655",0,Regular,7,$6.30,$47.00,No
NM0LS7S20N1518624,7/7/2022,"2,409",231,Regular,10,$4.80,$49.54,No
NM0LS7S20N1518641,7/7/2022,0,0,Regular,7,$4.78,$34.39,No
NM0LS7S22N1523016,7/1/2022,100,184,Regular,15,$4.50,$68.50,No
NM0LS7S21N1518633,7/5/2022,"1,217",287,Regular,12,$4.63,$56.85,No
NM0LS7S21N1518633,7/7/2022,"1,600",383,Regular,13,$4.70,$60.00,No
NM0LS7S26N1518627,7/6/2022,"8,879",392,Regular,14,$4.87,$67.93,No
NM0LS7S2XN1518615,7/7/2022,509,272,Regular,13,$4.46,$57.20,No
NM0LS7S23N1523185,7/1/2022,"5,938",330,Regular,13,$4.97,$63.91,No
NM0LS7S23N1523185,7/5/2022,"6,311",373,Regular,14,$4.96,$67.62,No
NM0LS7S23N1523185,7/7/2022,"6,659",348,Regular,14,$4.60,$62.83,No
NM0LS7S26N1518630,7/6/2022,"1,914",274,Regular,11,$4.67,$49.15,No
NM0LS7S23N1518634,7/6/2022,"1,274",320,Regular,14,$4.08,$55.31,No
NM0LS7S2XN1518632,7/1/2022,"11,168",334,Regular,13,$4.86,$61.62,No
NM0LS7S2XN1518632,7/4/2022,"11,474",306,Regular,12,$4.39,$51.45,No
NM0LS7S2XN1518632,7/5/2022,"11,843",369,Regular,14,$4.63,$65.28,No
NM0LS7S24N1523017,7/5/2022,"5,346",344,Regular,12,$5.10,$60.99,No
NM0LS7S24N1523017,7/7/2022,"5,587",241,Regular,9,$4.90,$41.73,No
NM0LS7S23N1518617,7/7/2022,"2,532",343,Regular,13,$5.28,$67.16,No
NM0LS7S25N1518635,7/5/2022,"1,079",346,Regular,13,$4.56,$59.71,No
NM0LS7S27N1518622,7/6/2022,955,373,Regular,14,$4.30,$58.88,No
NM0LS7S27N1518622,7/8/2022,"1,278",323,Regular,12,$4.06,$48.13,No
NM0LS7S27N1518619,7/6/2022,"6,601",368,Regular,14,$4.23,$58.58,No
NM0LS7S26N1518644,7/5/2022,"3,427",383,Regular,14,$6.10,$84.65,No
NM0LS7S26N1518644,7/7/2022,"3,802",375,Regular,14,$6.30,$90.68,No
NM0LS7S29N1523028,7/6/2022,"3,643",339,Regular,13,$4.50,$58.46,No
NM0LS7S29N1523028,7/7/2022,"3,926",283,Regular,11,$4.40,$49.23,No
NM0LS7S29N1523028,7/8/2022,"4,294",368,Regular,13,$4.13,$55.59,No
1N6AF0LY4MN810631,7/7/2022,1,285,Regular,20,$4.80,$97.05,No
1N6BF0KMXMN811009,7/1/2022,"26,014",313,Regular,20,$4.96,$100.90,No
1N6BF0KMXMN811009,7/6/2022,"26,416",402,Regular,24,$4.86,$116.40,No
1N6BF0KMXMN811009,7/8/2022,"26,754",338,Regular,21,$4.80,$100.20,No
W1YV0CEYXL3695625,7/1/2022,"34,905",373,Premium,18,$4.89,$86.71,No
W1YV0CEYXL3695625,7/5/2022,"35,172",267,Premium,13,$5.20,$66.34,No
W1YV0CEYXL3695625,7/8/2022,0,370,Premium,17,$4.74,$80.55,No
3N6CM0KN4MK706765,7/5/2022,"16,866",293,Regular,11,$5.80,$61.98,No
3N6CM0KN1MK699290,7/5/2022,"21,517",260,Regular,11,$4.58,$49.32,No
3N6CM0KN1MK699290,7/7/2022,"21,841",324,Regular,12,$4.58,$55.55,No
1N6BF0KM0MN810306,7/5/2022,"23,503",316,Regular,21,$4.89,$105.02,No
1N6BF0KM0MN810306,7/7/2022,"23,789",286,Regular,18,$4.88,$86.19,No
1N6BF0KM0MN810306,7/8/2022,"24,112",323,Regular,21,$4.84,$102.31,No
1N6BF0KM7MN808701,7/7/2022,0,313,Regular,18,$4.48,$81.05,No
3N6CM0KN9MK705823,7/1/2022,"5,778",263,Regular,10,$6.24,$63.51,No
3N6CM0KN9MK705823,7/7/2022,"6,035",257,Regular,10,$6.05,$60.25,No
3C6LRVAG6ME582461,7/5/2022,"15,404",399,Regular,20,$4.90,$100.00,No
3N6CM0KNXMK702252,7/5/2022,"11,818",184,Regular,8,$4.18,$32.35,No
3N6CM0KNXMK702252,7/8/2022,"12,093",275,Regular,11,$4.44,$49.39,No
3N6CM0KN7MK706128,7/8/2022,"9,281",264,Regular,10,$4.68,$47.92,No
3C6LRVAG4ME582460,7/1/2022,"17,632",174,Regular,24,$4.50,$107.74,No
3C6LRVAG8ME582462,7/7/2022,"28,777",425,Regular,23,$4.84,$111.71,No
3C6LRVAGXME582463,7/1/2022,"25,143",43,Regular,3,$4.70,$12.85,No
3C6LRVAGXME582463,7/1/2022,"25,143",324,Other,20,$4.35,$88.01,No
3C6LRVAGXME582463,7/6/2022,"25,518",375,Regular,22,$4.30,$93.28,No
3C6LRVAG8ME582459,7/6/2022,"15,917",132,Regular,10,$6.50,$63.25,No
3C6LRVAG6ME582458,7/5/2022,"25,253",270,Regular,21,$6.48,$134.25,No
3C6LRVAG6ME582458,7/8/2022,"25,604",351,Regular,21,$6.20,$131.63,No
1FTEX1EB7MFC07859,7/6/2022,"13,195",335,Premium,15,$6.59,$99.94,No
3C6LRVAG1ME582464,7/5/2022,"36,331",192,Regular,16,$4.89,$80.53,No
3C6LRVAG1ME582464,7/7/2022,"36,662",331,Regular,21,$4.92,$105.00,No
3C6LRVAG1ME582464,7/8/2022,"36,833",171,Regular,11,$4.87,$54.85,No
3C6LRVAG4ME582457,7/5/2022,"6,003",255,Regular,18,$5.54,$100.06,No
3C6LRVAG3ME582465,7/5/2022,"17,063",296,Regular,17,$5.90,$100.36,No
3N6CM0KN2MK705596,7/6/2022,"12,456",332,Regular,14,$4.46,$60.23,No
3N6CM0KN1MK707971,7/5/2022,"26,231",354,Regular,13,$4.84,$63.51,No
3N6CM0KN1MK707971,7/7/2022,"26,514",283,Regular,12,$4.82,$57.87,No
3N6CM0KN1MK707971,7/8/2022,"26,668",154,Regular,7,$4.80,$33.00,No
3C6LRVAG0ME543543,7/5/2022,"22,562",296,Regular,17,$4.66,$80.09,No
3C6LRVAG0ME543543,7/8/2022,"22,908",346,Regular,20,$4.73,$95.20,No
3C6LRVAG2ME559680,7/5/2022,"3,968",280,Regular,16,$4.65,$74.42,No
3C6LRVAG2ME559680,7/7/2022,"4,381",413,Regular,19,$4.27,$82.82,No
1N4BL4DW9MN300396,7/7/2022,"9,911",405,Regular,11,$4.78,$50.65,No
1N4BL4DW3MN338805,7/7/2022,"6,948",446,Regular,14,$4.52,$63.03,No
3C6LRVAG6ME564848,7/1/2022,"16,465",446,Regular,23,$4.80,$108.37,No
3C6LRVAG6ME564848,7/6/2022,"16,876",411,Regular,21,$4.78,$101.54,No
3C6LRVAG7ME564910,7/1/2022,"17,989",304,Regular,17,$4.63,$79.91,No
1FTYE1YG4NKA05404,7/7/2022,"1,134",354,Regular,24,$4.70,$110.52,No
1FTYE1YG6NKA05405,7/6/2022,"2,377",435,Regular,23,$4.52,$106.15,No
1FTYE1YG8NKA05406,7/6/2022,"2,533",330,Regular,19,$4.61,$86.14,No
1FTYE1YG8NKA05406,7/7/2022,"2,832",299,Regular,17,$4.75,$78.62,No
1FTYE1YGXNKA05407,7/1/2022,755,333,Regular,18,$4.54,$81.60,No
1N4BL4DV5MN400373,7/6/2022,"17,800",568,Regular,16,$4.26,$66.91,No
1FTFW1E55MKE31480,7/7/2022,"11,877",250,Regular,19,$4.26,$78.91,No
3C6LRVAG9ME546523,7/5/2022,"18,013",122,Regular,12,$4.32,$50.00,No
3C6LRVAGXME546532,7/1/2022,"23,277",335,Regular,20,$4.30,$87.94,No
3C6LRVAGXME546532,7/6/2022,"23,540",263,Regular,15,$4.76,$71.93,No
3C6LRVAG1ME565065,7/1/2022,"15,106",259,Mid-Grade,23,$6.40,$146.83,No
3C6LRVAG1ME565065,7/7/2022,"15,415",309,Mid-Grade,19,$6.68,$129.20,No
NM0LS7S2XN1507498,7/1/2022,"15,136",348,Regular,12,$4.75,$56.99,No
NM0LS7S2XN1507498,7/6/2022,"15,468",332,Regular,12,$4.75,$55.17,No
3C6LRVAG4ME564931,7/5/2022,"30,221",359,Regular,19,$4.76,$92.58,No
3C6LRVAG4ME564931,7/7/2022,"30,616",395,Regular,19,$4.84,$89.62,No
3C6LRVAG4ME564931,7/8/2022,"30,929",313,Regular,19,$4.81,$89.62,No
3C6LRVAGXME576226,7/1/2022,"9,647",316,Regular,22,$5.20,$114.60,No
3C6LRVAGXME576226,7/2/2022,"226,226",336,Regular,23,$5.22,$119.38,No
3C6LRVAGXME576226,7/7/2022,"9,980",177,Regular,12,$5.46,$66.14,No
3C6LRVAGXME576226,7/8/2022,"10,214",234,Regular,19,$5.69,$109.44,No
ZFBHRFAB5M6V28361,7/1/2022,"12,859",302,Regular,11,$6.26,$71.46,No
3C6LRVDG4ME559014,7/5/2022,"16,889",243,Regular,21,$4.60,$98.02,No
3C6LRVDG4ME559014,7/7/2022,0,259,Regular,23,$4.18,$96.57,No
1FTEX1EP0MFC96914,7/7/2022,"12,046",516,Mid-Grade,25,$5.05,$127.15,No
1N4BL4DV3MN409377,7/5/2022,"8,741",264,Regular,12,$4.54,$52.35,No
1FTEX1EP4MFC38384,7/5/2022,"9,697",557,Regular,29,$4.15,$120.37,No
1FTEX1EP4MFC38384,7/8/2022,"1,072",294,Regular,17,$4.11,$69.87,No
3C6LRVDG7ME575403,7/7/2022,"11,330",327,Regular,23,$4.38,$99.55,No
1FT7X2B66NED00823,7/5/2022,"11,782",420,Regular,31,$4.50,$139.70,No
3C6LRVBG3ME576292,7/8/2022,"11,867",330,Regular,20,$4.15,$81.67,No
3C6LRVBG4ME578276,7/6/2022,"9,698",258,Regular,17,$4.91,$85.42,No
WD3PE7DC9F5998250,7/7/2022,"92,395",397,Diesel,17,$5.49,$96.00,No
1FTYR1YM9JKA46468,7/5/2022,"176,706",366,Regular,23,$4.54,$105.00,No
1FTYR1YM9JKA46468,7/7/2022,"177,077",371,Regular,21,$4.34,$93.00,No
1FTYR1YM9KKA55804,7/1/2022,"91,993",428,Regular,24,$4.90,$119.20,No
1FTYR1YM9KKA55804,7/6/2022,"92,429",436,Regular,24,$4.50,$107.19,No
1FTYR1YM9KKA55804,7/8/2022,"92,858",429,Regular,24,$4.40,$105.09,No
1FTNE1ZM7FKA58364,7/5/2022,"170,061",289,Regular,19,$4.20,$81.84,No
1FTNE1ZM7FKA58364,7/7/2022,"170,387",326,Regular,22,$3.85,$86.45,No
1FTYE1ZM4HKA60797,7/7/2022,"114,198",443,Regular,18,$4.30,$77.50,No
1FTYR1YM2HKA91584,7/5/2022,"51,887",282,Regular,19,$4.19,$79.59,No
1FTYR1YM2HKA91584,7/7/2022,"52,219",75,Regular,4,$4.48,$19.91,No
1FTYR1YM2HKA91584,7/8/2022,"52,282",355,Regular,21,$4.11,$86.33,No
1FTYR1ZM5HKB00146,7/1/2022,"67,016",373,Regular,21,$4.13,$87.60,No
1FTYR2CM3GKB22031,7/6/2022,"141,790",281,Regular,17,$4.51,$75.20,No
1FTYR1ZM1JKB37930,7/5/2022,"109,947",371,Mid-Grade,20,$5.10,$103.25,No
1FTYR1ZM1JKB37930,7/7/2022,"110,364",417,Mid-Grade,22,$5.06,$109.69,No
1FM5K7D87HGB71304,7/7/2022,"204,531",261,Regular,13,$4.16,$53.23,No
ZFBERFAB6H6E41502,7/6/2022,"131,326",283,Regular,12,$4.82,$60.08,No
ZFBERFAB6H6E41502,7/7/2022,"131,630",304,Regular,12,$4.61,$54.09,No
